TIP,VALUE
021f22fdaea6fbe57ab8954c6fa695c63885295b7fceee5bd0bdb7c880147c1f,Steel Delivery
02409bd3dd8355a53b3cef56e0eb6440b653bfad9579e7e602528db25cfbdc34,MB26
038a79f290e509ea612556610cfd1b411a1a2dbbff32ec2a3c478e4542026d17,D27
045c256e27e556dc2ad34173178e4e74b62673e3b271b079ae2d7075e254e9bf,RENTAL5
046028d45fc2c243f2ee3f5c2cce04e4228a0ae50f1f977b75eeb8dde50771bf,T107
046e24510cee913c360dbd7e5ca514b65b6c1e10e7a200f7de7cafd7f20fc3f0,TLD250
05be7a4adda50121a56b6bd06ba48602e1a699cc59fcdef83931c26709454966,T111
06124ec0c783b6355d0fa38f0f5c34b3ace4baf9800191ae8cad540096cc1f95,AL610
064f126a813b8dca8b673f80be50faec99f804b398eeb5118776dcc4a0d25c29,TLD279
06bb487ab61cbfd9e3c76af7625771df7b1953a3b952176e5ace851466dc4ec3,MB71
084473c6c37a37606e2f14bba260487d26aaeb866956fbe8450193c55ae0793c,T94
09a0d9aceecb8092e849c80c66a4918fb5a4a393198092996bfe45413964c18b,T139
0a3456a0c2362c6a0d8580587e693fb247004f3f5d5769a6817a2d6c051dadc6,MB86
0a9f590f670a741da850274a101edba17caff1a5c5d4c634eb30de18054db991,F52
0b5e7bd3e557acbb00e1dfd5c122c7dd3223088fc833cae2cf783c551c099236,T174
0d107307523f89d874e85bacce6e9125746a4cb29386f7e4dbfa362f4a44455b,MB74
0d1b60f77b09133bb9c8e29e623b678080d5ce78498f053a82b1a4785c98d79e,TL242
0d845a2b6d6fdfeb4ec583957a715eca35e918808ab72621bcf7b636232fb5ba,RC91
0dd26224d4fd82ceadf3d6284c45b2945a4d9b6354d70cf54a4e5aa8f33898c9,TEX264
0decc16be601edb6435dec18607a61e14c14b97b49085205690d33d93f742d7b,F56
0f2053e65b68a8448a5c7b93835e1203a7146dc6f5bd8d5c0ed2f149c6bf466a,MB80
0f829ca0f49c04f943b459c19c43af626cf93c55b975ec02ae2e0c2086af1adf,R47
0f8555dd34049e10a8ffd75f3450614fbb0988e95d94438c9251bac97edbbdd1,TSP304
0fb67f8376e0101349a32b9b9df8472796248aa257adb64627c8d48363e15caa,T91
103814bcd32329674525f1e3c02e6ea1aa325490a8b10195bc90e31ab4cd7893,Air Liquide Packaged - Drivers
10636fdf75e0a9879b6558083b0a634c1160a1cacd86ba57753f400aeae5889b,T84
111260d54e51387709fe70c5325eea7ee1e3f62adc26793617c872ee4b32b8cb,RENTR03
11a288a05078e972302851e46fa024fe2388451a9a9d5675cdf3b6b7a1776911,T10
12771469793780c8ddf96d2c01573e8bd7ba9f6067bb2a457d4bddfedf85169e,TL149
1439fa5ab3939ee286af556fcdfdda105fb154fcbc283477843ebdb94bc759bc,T115
148a565c7270ac0c448d5d214c9a0b2d1dbd46aa2e459ead169ed6891f3169cc,T109
155064e67a734ef3540f243c9852f54ac03bb2990e4bbb653fd1f5ddf91e24fc,T45
15aa58ea884a923c8b4df992b56c9d785a1728f837a1c05d41c9449a5089c55d,RF54
16136d8b6147989ec1aa0e12954e35852f7c15e06a0b72e82b7b76634569ff8a,LH Yard - Team
168290bdb329f799778ffb2a1aa5ea488f084ae4fa6e0841579fdd8c78cc3f37,T135
16e7394748ef3ff93542116a3c2a10fd9fb689f76b64cd98624f3d17b179683f,T38
17888bb4b4a36ba6a8a8776f0b1183cbfc7f179b910b91f1fd4cdc84740e2490,F35
192aef2e30c9915e53001c5f39fbc04a8523f182a3f3eb9157f79d92feb68385,F58
194b552056577b3ee7ec4f5935f60b0176a1b0bd61b15ed6d1d04671f2d42f1a,MB88
19dbf5db79d7d49778a9a16d18a41fd1d90cddaa0cfc798700607081cd40db85,RC72
1b151da35a95d2561f18961f535fb38911b54a644486674ea013d9497303b2eb,SL275
1b1fb2a78e056545aa28537f48638ffe6192373050391d3aac5534ad76e4cff2,MB21
1c434778c861f97a18e9608b88eba8eeb6af2f587856ad035cde32ca53ef84d9,RC83
1c9df8083d7ecfb3383ccc006993bc91d7316e6cdec583f06bcd686878c1a496,T127
1ee931e2786737905f05153c6d9a721c9bbc1b451a29292fadce379f8e7e58d6,RC87
1fedc8d7b5083ee616766af2612e97115c19d9c6b6037b7083e5b5dafa0d9ee4,AL1204
2154f8dea3499a64414141429f0c9c311b18f259b698e653def0542cc3c8bf7f,RC84
22bc9813ed4d6c0a46b0c96ff5e0a51af4db2fd579f107fe96e4e0807e0a416b,T164
23575ac82231e169e38aecb94c2a671a045fa8c8270ff31931457ec1003715ec,TSD247
235ca9778ba660cc832bdadcdbcabd88343566749fd1b93572eb6af04a6ff785,T225
2438351333b27f648622d69d03977b6dbc682fa60d0fec1037f59fd0270c66ac,T44
24cbba11e1a2f455ea6743fd366b5d08047dd8b56ad935e4a6595bad83bb7e30,TS256
257fa60a0de072fa1c97069173ec2bdf3f0344ba3a172b790c186970c7a88e1d,MB90
26d4b902018a4704f0d05344423e57ebd7d3de650b26ea6e69701e60da19dd1f,MAN03
26dbe9f9f74494cc68098ab0a38706e51bf947145839730d7f25bd7897e4e177,TS195
2907484f3cd8fde0fc073a037fdf8c37e9a047db014b8d35aa056402f1ac1111,CBH
2a41f286fca3b028234cb32e976d344fbe47bc3b694f158024e675626042da45,T112
2c139ee9b1ef4a9ef8506f15585a22166ad2fcc7686bda25781eb239b816cc4c,MB30
2ca678cd2e0615ecfafaced0efa43a9aac6e78319123b0ab3a09e30ccfb5ffd4,Woolworths MTM - Workers
2e130980d5e508d547711590977585afcfa0a037a9cbff9b29a9045127b8479c,VCT27
2e208439752b27fdd0c84c23b34860520d8c5bbf3a3d6b29a9950aa325bf087d,TLD265
3010afefd5adf79194406b340af9c0d415d9d1b344f03d8b079fdfec2940c2db,T48
3130059547f029ab9fc86d02d76be58efd8f891acf65c0ff1bdd01607894b2b2,RF55
31b7d82cd5f12ea8ad3390169fa94fa5c498e40504379a7e86d5c43495fa9383,MB14
332512ed1f7d1398887a410893881d5c05369e9ded382e8e3dad082abaef2ff4,T80
334af2450d2cf536e9f033a059e8cc86f2eddc1ce2381f56f9b941b6c28f0251,MB08
339ff00df32f99cd161fc8b3857206a08e7dc2d105054ebcb5b66583acfad7df,Metro Distribution - Admin
33e6c280b968e34c5cddbf71a813ebe02e6abcc8edc508804ea261eeaecda3d2,R57
3614613850794c7f0f05ebeb4383f099216afe88028e8fc9688c3bb4c2a59a13,ALL083
365552e83d5d307c3df0b3e7fd12e906c9a90e2ee03811cb19e0b318513cfd5e,MB24
3656f09c25e261be8524a65c6542f412e908c4a7c1c7492f1b1c22ad2757e93d,AL1205
37dc53612ecfc18c64b9b937ce12e8b857953bfaff191e95e2b59988a6639c54,TS257
3846d54c7ba1b4a67b1f295247b9692bc9777ba3d2fd7e6addd13d54716c43ed,RC85
399dbcbd513b361b28daba2066d8785714cb7d95f609e0e81bb5410f32f74c99,MB01
3a437ea98698307d60ab754e74a429ca8817bb4d89e314af58327abdbc5a0796,TL270
3bdcb19378940895d0c2485a56944c2603d3b53a441901cadb98aaa405310745,FS201
3d325e3c24bf8d0f35335903251e95a8f9dcbd92b7af784be8588728d64d6388,Air Liquide Bulk - Drivers
3d36e87ff47a19ed4770b94401e38d3cbae20ce25b107d1a14aa5029781c5b62,MB15
3f3bcded68838d4ad0b93121e52a809fe166b92b8c4bd8707a127f5a11119b2e,SL204
3f8e27bb434ffaba95c6a10bbcb297cb4539ea72cff92dcf03f8d318fee1bfba,BBC - Workers
3fb2ac40a6fb73d53b3bdd02addd3980190ee0d350d0410b165e90c13fb0b6d0,R46
40500033249501168909630731afd1a52329c61d3b4cacd77c14ac531722a5c5,SSAB Yard
406c1cbf74e5af53810c188c7d4e3a616aee4ac55e7cbd706070a4471eca6573,TL271
4112c48327cc083e02210375adf94cf301d570e6c2b5e03289f9cd02251c0ade,RC78
412622a780fe566be09df60af5ce2be61096b803fe996b3d3a10749ce6e002d3,TDD169
415da9ab0e16e6506ce0659c29dfbf569080ea235bb2a3b84d46d2acbe6e37d0,TSD246
427e729a254806ada7f022ef12839e55d59b4a721043e87eb03c8bc06ba3cad5,F28
42e89863caa2f97f76f6cd74763fda3c95b15c534ad43ae6089cb326d57abf8c,LH Yard
4307c64c93bd9cdb1d05401199ef1d6ffb630ae9ca69c0e7f877d61c9236f3ee,D38
43412b9a2082f40332c9138190e63aca90a4a32a42f9d770a219e32c0738aa89,RC81
43a8d84b85425f09508436eaef62348e668d64a0650793db8d804e5387c5cf63,R22
43dae0c9583e539bb0256b80099cf0a055de699b2b59e85fc20f8c16163e9c0d,T214
43ddca6e98308b7a35602db2928a945803619de6d4debf9d43b7cf840e215fb9,TS197
441ad84f96d399c7c4832bbaebe72dc4dd18441e59fb8a41036272a89820bf11,Rentco 
446b696bcca94df77d3767cfaf7012335340a776f192a66dd29caba317679976,RENTDOLLY
4547104f384fc89362d67653508a4fda324dab103ce97cede008475649549ca1,TEX300
46bedbae64b6ee86ff142aa4b757953ef4bcfb4110eb5f52650be57da130ecea,MB69
47f24ba81b0b08b6ba965c87b4eae21907a31c33b5ff77c228c95380a7025a6a,T217
4881ad0c8e1259cb80f118d7f95dda32dee5535dfd75b85e4466cf24b190e1ca,RE01
49408a769080af2af14ae382ac20694f9b4174d2f024882a7e4606e79a9e758e,F32
49ae9e5ff270eb996c0b20f4e76b8c7a5346d6e9b0f20c7d86dc7c2eb86d2b2f,R67
4a62d5dd9b4fd0ffd83daf44c17f1ae6cfa0efbf9f16d118f5e8b2873cb9b89a,T11
4ba13270eea6921ebd993523c1ece346f765b494b170b7ef395766fc220d9328,H14
4ca38f93e8d5934660f6c1dc033bec8f07e145abd0cc415ecd0ea828ce376318,Selection Steel
4e30c2ab0269f29f7e5eafe9b02cac5067cdb354c2cabbba667a8db0279e378e,MAN11
4e3202e4633941fb76158d2c0d8594e141d425630138628aa5d9d5e14f48ec5b,TSE262
4e6d2004232158fdcef52aa9ee535760243b648b4ab10b74cd12747fd02d7bdf,T137
4ed58639f5948d8c227270c51b1752fa452d9d4994e0477c4e9760754d134bce,TSD263
4f46861eaa20eb5f0f615868e0c96d375dc492f9e14a8051b8c3799a138be3d8,F37
4f81b56c1ef92c88115e2983fc3e661ffa277fba7e0564d73a1da07203427f7d,D02
501ece1d21eb4ce2b1faabca54c15d73c47887425be5d7f41c89119364e912df,TSP306
50eba31284c0198b03567b612b028e45362ca3a5bdba75c64c57cf43fcc1703d,T108
52741ba0fcc6d8cd465c489a4227daccd73bfe249f5a31892b43489fa05a766a,LH Transport - Drivers
533047a4408060b20d024c72bf80785f61a5437002d2282ed74f97182d25a457,R25
54585cdf9cb06fd4fef68260ad0e7390d3990cc6abfd7b28e1368471e6b22e5a,RENTALTRL2
5466e72a32f2ceea80de92e0eb957eff6e60ceb0f06d223e5c0e0e332ffb037e,GO2 - Long Haul
5533aa9c9c1ab42fe533d597082c81f1894c88af6dd423dca49318abb94078cd,MB83
553f3737ad3f45a9583b028bbac4f467cd3f12fc56dbf2003eea57be110a28c6,CAPRALSPARE
55f25e09a1624fdcba46c7fd304324ca36d39e0840e629175c7b9cff11768075,T97
563d34d2ca8cccf7bd092982b4307f76eb99ae47da25289e3e13b6143b946b29,F47
56bc228495baf20971ff7a663b43510fc7cdceaf28a4ac460ea2b665b4519f84,Distribution Adhoc
56e9516fd35d98be7d51921be4852ba082b72a4451200311cb5974236b6a891f,T229
57c8c489467caf5c65b236b0f249555ee187ed251debd841acdffbf6a072ca23,MAN05
57d920a318d6f7b338f76abe1f8822e652f17ff02b3fa1eca37a4e6a55a99c7d,R49
58431f0207f183eaed67f7c00f9b23a158638e55c88dc194d75ba7370fbf9b81,T&I Team
586af054d7c4b2fb53e09a77d6925bdb594345159b4f90641da0744116e956a6,MB17
5912c50e125442dcab47cc713c18107ce686e6b46066612d8d4c71ba76d1a8ee,MB10
59bcf3353cca7cd79a863a7799c7fbf1987365b39f34b2f026aae07550e1efbd,T82
59e74d599421b2b53fdaead363241179c12312047021e3970ac7ec18cb7f5628,AL802
59faddb3009c627356ec88fa5b735937f35770075f921c0162388a48b9718070,F38
5b2f126e79f7550b7fbac7f724a721d3e7641a85a6a008146f006aa15173c1a2,RC29
5b66c32c59becba643b781aee15635a0d8f72e0b6bbb63994b455a6b3e9dae5f,TDS235
5c8bc7decfcfbfb46fe1742ee4f27e11bc82bb19378f3559be7e08a7eccc7f49,MAN15
5d4d96f9f96e02100bf2396a6113d9f9d12752f1c97d67812b555cd1b222b8e4,R61
5db4295ea3d0530bc39f32d3cbda0f6cdf0cf52047d2d1e7113dd0aec873552d,T49
5e5ceeb24115fa338689c523220398869b108e0057c909927a070add1dae758f,T221
5f05f5fee4b0bee00c4c5ef485330be4a129bafe02a6b18666e4fc0be9505477,AT148
600ff59816934ff295d3523dfb0a6d1b6cc78cf766bdebb722879b6a518059be,M07
60a452a7992a8427d7f5cc8e0a0d70280959deef4d6072340f251652f8e65938,RC38
6158db4d7ea15037f761790c42a0fc500e8eed9ebf51f5ac89631d38466c140f,T207
632353e9961a7f106c18739dbcc2f26ca85d4e95337ecc87ca9b9d8d3243320b,F25
643d90baecba0400931ac3175159b773e549695c7744a48a7670df1ae8fc6b06,RE02
65c5bf290988dafa7a5259d1f3490c6acadab138e768a3a390e322242ef84401,TSE278
65fb790a678b197585669c233c5c17d8333d32b2a9858162f58ff8d4cd556577,MC07
662d659285f94142839cb9f9965ad0bc51f66e76f95416841d1fb9a1c23bf681,T134
6707cb5f9ff3ca7a30e612c69aefa73ece192442ad388ca27141f3f54073f7f1,RW01
67be13b60839767d55eaa9550eba4a9f8298357210932e7cb5548f40ccd5a897,M08
67eb2787c159839e69aa0b0ac6d249127a4f9c4a7d331514429e01b14fa88308,RC79
68bdca695566ceea7183e952dbf2f3fd6ad345e11744a26e94764d72b30dd9e7,TDE236
695239aa407b8636e98e2d3ce2b2d84af80a9057846340a988e789d0431b5c3b,T83
6965926bbd18aa28bcad8cef2d5c3a364ba9134ae242bc0303a4ced0c462f6fa,T209
69a23e6f27b555d358f88c883b57aaf3ad54f3e0e7e10dff4d28d7b084eca4da,F48
69d9b2f3ea937483c2a31a3d65c89662d9f900911a4007c4bf097abf20c76316,RC75
6ae9120238802af88f837487195238c3c22b2096d94fc1493faa39a6286c241e,TDS237
6aef966440567cc5f69dc4dd2f26f400f8b4b0682f7905a7d747bdc47e5093e4,MB70
6b06d04a68314a1e02065929680da84264247862fb1c2befc6cbe533cd6028fd,TDS183
6b7c648e85c25fdeaf18f1f493296a5e06ca74cc6ab5cd531dba27a16278928e,TEX312
6bae5beb011b6a0814d0441d76f7e8dfcfc8ec98d4c20ed94d795beb0f367e32,Training Team
6c5258635301f7ec2307d0815c69df9dd59f232978662a2edced3ed1b944a55a,RC94
6efa3d515ee21b76515cc7a8ed2e55ab9d05ecc46ec076b4d6527dd71e639298,T122
6fb172a51d46c8d696131128a9e45f89dfc8cdd081ff6a89931b9618d33919ae,T101
713a1da8adf0ccd80e21a7f80fd63ff6f960a1007b77e6a520aee6555e065c58,Container Yard
7231144970afb96593336b5309d5df9bceac7c83236fa821df15dbc2a33378e7,T203
727ebd4ea152611430ba044584f96345ab41483bb5e536c57278f88e49f0951f,T259
742d94250b9a023da5d5b408925eaf1db635d9e347f1b42a816ec298189062ae,F26
743cd93543e170dfb4ea690770ee79f97ea3b252f967c9c8efc002f7a22a28a8,D38 & DSA17 & 
74c158c61deafa3eafc62db95c1c0b338e0a08b45fbc484c5e5edb25ffae93db,R50
74e423f6e313e07f505d4a91750e4e8419acd59e5451b3b6024138d714e94802,Iplex
755e0b56257ab72265576446b4abee1eb7c9ecbc04a5be04513ada90d6ccbd6e,Air Liquide Packaged
773e3f0bf3f575a3b22c840575ba997e39cc8827e9cff614bbaacefae9309fa7,M09
773ee3cab58a23f15977d1cee4ff5024972349b530067eb8193c8a116b50a446,TDD170
777dd5e22505668aace630abcba9c3c29ddc69baca7205101b1f91f1828da69b,Kimberly-Clark
77daa68949d85ee552541b0b3771cff34042bf4f8c49292c62aa2dc484a321fc,TEX160
791a2bbd4c00435314b66a35da8bc362863355b4246c19d5770fac99996443ab,TDS176
79b10ad0014c11e1e41f0e8a0b4931b34a4a89e62d945ee4e0d531c920b19dbd,T116
7b985e82e1f704fe5d9b91e5782c6b6634aeb3418c547c730563f20ef06971af,F53
7bef465d4d5297182b9e3bc3fb24d805c3f9419d38741574c2fed12704e3b3cc,T128
7c565042af4a88cba6464064044ec4147a0cdef30e09cc23a44f576338e1a4aa,MB23
7c760dc81649765362cc1b50ef5d7870137e265c44de007ffd6decf257d87f01,R60
7c82ebbd3d3a924247922d301268d16790e6dc939bee590e6d248d58d27cb6d4,MB22
7d305c7d8c2ed3bc44ae10827b8e6f490005eef8be9a8d4c8c21518f62a65763,TL252
7d7178be2844d9120e1e48cd254dc6186439775360406857a684c6b8748e9beb,F36
7daacd6c447db0c9d233dac5d38d5c605e872b28273f25c7ef7ead01db4bbd9d,MB27
7dea3e27b026a208965bf0951aa3bbbb137bfed3a64b3c82d227c9d1bdc28f9e,TEX157
7e8972e7a717b1d451bd7d7428407ff4585217a46548a3ecccedc5044cbdf673,Break Bulk
7ebc8748759bb4575ebea69111b77616dd7fdd0c6b8f5c3d633507680f89cff7,R93
8008842064e701162ee5df34bfa6035f05f45504412387e04a98c09be397ac8f,Capral
8079dae0635a03eead79f27c5d774cc57935a233d1b27045cb6fcfa6d0a932c0,TDS234
8152e5a6e5e7e4e37fa88c769c3b00a9a7c79482e5549d48ca10620f5f1e478c,TEX159
817ba70d13072112dab6f0a3ad215450378ce58ed143096b7fd478e8e513f2bb,RW02
82f85ef5fb453a395d17152901a94f9fbfb3aa34df018b5d6efe3ab5b50882c1,F54
83441e8404436721f0da44f09eec4b2ec53586f067ceabcf655225ed11f45569,R59
8506a3bba7f4fedba34359b1d6afc4b4882ac3665caf7bbea2c3fa6f8adc79fb,TDD181
85843bbd8218b809fea2612dd1c97496a3f62dfdc94bb8fb48342d9431508638,RC88
86bc26dafc74b2570fde4674b34d3981459784f54bfc6012801c6d6ae3523df8,TS255
86d5dc3784c50deeb6ef9695f2c62a64ae9446b053356a6475aeabc65618bf02,LH Transport
87d4b661417108c851eb2a9113d20954fbf7b1ee9247b265cb26b55c2e90ebfb,RC73
88605c811176f1b61d4f17490f8a714f04e59a05ec8ccccb9ed998e235115df5,Container Yard - Team
89c906c512e3433bf2837569e15aba00c1c3a452f356661fd2f418537db3c71a,T121
8a90a1aae00946c3a7991f47fc89ce1ea31fa5e007c7e151ccb67a4292dfa6e0,TDD177
8b4338ad5ed922a4af59173b41e4c3684a226c2a091203b9f92be81b7ddf06c9,MB87
8b532817060b0261f2af3f70709dcd0134e77b7698487949735b7be9db2eb0ea,T142
8b74868c7c6452f2a2c4a07ced9ab72d3a3cbef503c547d122c376e73d6c8f92,D35
8c4b3711c2e8ec135b3061d43d1f5400d2acc04ce21379b29be0498da2ad889d,Metro Adhoc
8cc858af27e9a5e83cdd618ed5dde97a6b4852c8088207c6d1f373543b5b0037,T28
8ddc397a226b41c44b66bc7c054352f8ad554e9ba8741fd8aef16485c6de1286,T224
8ff6bc4528a72f5620f3b2132692eb9005fad2a5ccb046233724311e380157ac,T125
900e0084c54ae1643ffbe4ef9d531cadb056489e1ffa0ae2bf230322e8c2ac9e,TSE261
90c096e293283ee5653d7f2f9178837dd86b8a08b0e53650f039a91391ecc2c5,MC01
90c545e3d93b8f2f968e03a279a9dd878db12870a79644f941ca54ff93e9694e,RENTALTRL3
913ba571f7ee3f5548da08bc05106b02433ac9caa27214245a54d233be24a407,R24
916b2f40f2415ee0912a697e495521073690bed8dcde5eb8afa2574a6a39a8ec,RC80
919d4924d571bb9d72973472850257236bde03a59391a64c2ba201df6187ee96,MC05
91b31092c34fbbeed168a60b55f1cbf866727157a9252330085005e46ba5eb4e,T09
91c64e0c525c95bab0b8e49d6c4f013f8634f74591cea0ad7078a315648e9bc7,MB37
92482f77b7059797216de0fab49241ec543deaa11025ce9beb576e1dc69b864f,T93
95b3c418d7d86e35b5ae6ffab12711bc1e44273da700498121c3a896eab9d25d,T119
95e7d680b1845108cee1a1c425c541e6abceb66263c95cc637254762c05fb8e1,MB20
960c720c5eea8b9435882ba7398b9d47fc9e29de9b4d47775e9d0fcb12ab1e9a,MAN14
985996dab1c39fb53822b42d78750c0c682e31b31afdee734a202ec46ed95790,T23
98eae5ca5467cc6eb29ed87eb012b2574232165bbc42faf610ed73e6afbef609,T35
99284339085a2ae8549dbfea9d3f62c2befe47683c33f87d9ea7e44692ee587e,TSP303
9a2ddab4f0a181585bd8cfb8acc6f4e02f94448a80d838551a86c6aa7875166e,Subcontractors
9aee443c39f970a8fafe7e03fabdd458c04d088573582478aa197ed8214a64a9,R101
9b1d8b62e85b031d6c29dfee66e87872b9fc463e45996ce695a676caf89c569b,T227
9b982a62342c25f07df46c743bc0aa7fb3ec2f44a8b6b3de8b242af74ddde87d,R51
9bf9785ca49148ff4aafec38e16cbf41bf05b4e86af26662fd2799e90f4f4272,TSD182
9c38911f693f942cbba985c475ce5955b4fefd890211e1feda4cc6d5d57c035e,TSP310
9d28a0b2a601d53eddcd10b433fd9716a172193e425cc964d263507be3be578e,RC89
9d750c566b338db4887c2169a85d4b3b86360d9d8c7a1d12db6918dc80abc1c5,Metro
9dc6134ca0577f0168973ff20da8517fbcc72d87756637a8f4e1ab116785c13f,T223
9ddd07b46852f97d37579b7cacb6032d476bc6d2cc08e3b58730c3fbc37b87b2,F50
9e763bb77c6678fdd77b1d5f00bcd8cbd1072c4b8cb73229a21b60827d371553,TSD240
9ea4610eb42500bf1a0429b103dc1bf8b5df4eb4c6f3ea82ceee1968fab4ba26,TLA251
9f1c573f6c6cf8e208db57c1a087f89b3c31046f0867977944e5f3311dab87bc,T100
9f98af3145195d1a037e34abfad529716a0e9c549b0e8bd80c98ddffa25c56fa,T114
9fad1945c3980284df0984121f2ad0d0d9ee90155452a10f4f1831cb425562b8,Container Transport
9fe2318e6e6bdb254172ddf893503dbd85f8a3e86a25a8de4f876d41932408e7,T123
a0f6c3c1b37dcb0b25330b85df386e1dd567b293043097c02827ddce5ac73523,MB72
a14f0bf2823dca484c7c9473bb0a1a5653084e1c8bc3508200dc2034a14e6ff5,F49
a1653ec643fcf2e04a0cbb439f002e92dd3ac1505104beee5c873c7fec7a1434,TS198
a1c2e133ff45c191aa50a1d93d5f66aed7241bdd37423273cef12dec2e4f6f3d,TDS185
a2288e92abc60dda83c87ee25905cc2fdcd469739cd7a7b2844fc77e9055db2a,MB96
a25ae1030ae69b9bde60b0888e17107e25a8e1270960618e7838a8a36f4fe295,MB06
a47586aebf23c28cf17f2dac2c0ea085c90c0acb82f2c793bb618c8e0788ce05,MAN09
a5170f7208882bdd2cca279c7f91eb4034612b0e3136c7b26631505fc375a0e9,TSS192
a5c3ca6d44e9d68fbd2be40367b75b6039940279a8b81d6e3c71b6b666d63f04,TEX161
a62b4df286f7d196b608c1d729bac481268d7f089e85001fd80fca4c0ca4f800,MC04
a6489ae48c745fcde40e846aba3e4928fef047f023a3d3b95ccdc5b2832f4cb7,T215
a70b0eea46ed9b3ee18a42d91cc1b85b952f48f32f531b147794404184affb20,T173
a76d7bb39ea1db0749ec9167eb3ac94702277b9d32e4613b7f99621f5e36774a,T188
a88c6245e78a40773407fb8551523f7dc5eafd52eb16c506b4b584ba51cde7eb,MAN04
a8dc5d86e3b7dc78fa8010f2e766735a5fbf4253542d0b60473591c91cf15e80,MB16
a8ff355a83b608ea5f49e1903ba1d03ac49b08e2362eb322135a1720c8229a4f,TLD266
a90ed7ec17adb1d30c80be568d94110fe1c0f3229c838640e69769e1b05e2f9c,AL1201
a960cdba256fa6df7ea1efba57dc008b047c073314cff3cf64d823e50ff3a43d,Distribution
aae45401840429d75d296b21753911ffe2a73b164305ea16bd24c9f088dc3a84,T129
ab23d11151bfb992d6fb3019ba3d6581bca245babc9279daca589a3401bd2d84,MB11
ae43d12302fce3cb278fe3304a56def1947f477fec23f4af4d5a20e03c01d491,TEX172
af1d35bf5b756fa9d9b889a153f70678ab3d0fb43681479835ae164271f4a494,Workshop Yard
af28571b2238960b4e04f396344751b3225c505ec33b4972e7410a23ab5da214,RF56
af74a425ab9164c8f0bd02ccdd21509923833ce8eb20dd26a1b5fae67b8f53cc,Woolworths Liquor
b04596615fd57fed8f595e13aa277d5e3b98e88a92ed6c0f281b43574bd2cec0,T138
b1707598ea02289386162d6de5e23de5e357c93b0f2ba732eaf4d9cba91a0bf3,CEVA - Drivers
b2852f4145732155b83dd706525f2f0a0f746e37dbd8f38d606d38aa4ae7754e,T08
b2ced1892442488207418c36bb1847931cbdfc001f1b15e7880f75450747591d,R66
b2d03cad75a3bf6820de3e361632b8c3d425e45b4f4326d47a7dd9a6e1ab80c2,F51
b3a5d3907a6f8e85239a939e90d06c6e3debd75f913ae497e17c704024e7c779,T140
b3c4fe8e6348e17f2324a9c372e3d1ac829e0474ab85e9a977c12c3fa4bf727c,T50
b482f76168042ce0d0cb162c79e4a54052bac2f09e13af38f9a10cf883b9620d,F57
b4dfd518aa5dd2aba1e907b2a0fbcc78397feb07a91be9de610161ec581775f7,T213
b5500f111d5070162470d61bfe4a1a6971898677d709a413d9ada93d03303c94,MAN06
b661caaa527375e905cc2b4725a72b73593cd434d4b9042f3e49011eaee981e2,MB18
b6672f53acb258bb8e454beadd7ab2c4ebfe67652cfe44498c71e61a181047eb,Monde Nissin
b6d3c1dce4ac27fdca11196bea020a144112486eb0bef697b1c7cf2a4997abcd,RC86
b710d588ed7628c7a13040662ffe08768b3e16ed0320604fec5764d991a7cd8e,RENTR06
b793c8297af44aa3041300eec8446ae4aa6375dade858f5a0327c57919981760,MAN16
b8061c85fa80aaa6cec9087a6db20ad3010321eaeeead74e7ffd515df0456c26,RC82
b8d4808382b556b976c043a2ed11af15d6fd64d57f75226462ff8b27d82b7baa,AL1202
b93565bc3ceaabe72d5e928165d4a4c1c53c9008c345262ea95d0ab31215bd22,F45
ba4b612ef1fcd4e56f82e0064bff4c794fbb0218eb4ca38480200e5b0af171a9,MB02
babbb531ca15c58850a4688f3bdf3b7343f918b87321004ba3396ab69391ef98,H10
bae41cc576bd2cb1969f59155ec5558b2b7a1595b977022d2732604907333cce,MB07
bb2a203c12f30eba01e44dde9ca0da23b877d351192b2652f8c9c2725687fbaf,Semi trailer
bb44e3a7f19a121f235d1f90a2de7ffe672a56344dfa3a5e12e6681fd25748bd,T187
bb888425e2d07783807dbadb531d3741450a08e79d660c124315afb75e69e94b,SSAB
bcc6d779f0aa8228668f098cd80efb39a1c76e438f375686515b54f8c35a8ef9,TEX158
bde4c33ac3fa353abbff4f894b91826a2339233312a3c6f97082f2bc7b211ba5,A01
be0263c74a9254970faf7c9203779f3fdbc6bb9295b46ae0e465297364879def,TDE199
bec1093361f14a2a124a888ad8d88383efb22fe294f82cc838c7d10a51fba764,RC76
bffc796d69204920010e3e51ae35d7b8778acf8e96062f3ddf5c3031346a6bff,MB25
c040d0e4cc34d84b4bbaa590cc69f9db388482472325a45e2d7b5d84edad8197,F44
c0ff14559545f7875e2cd0026a3fe23447adb5bb4e22b7ca5aced8bf2febfb41,Container Transport - Drivers
c2824737243c643560af18a2e038fd123823c86db055d66608ba0720b7baad79,MC03
c32e5f3bb53ab8a0a90f92b147c7ae9dae6d295548b9fe49d19427172f38f024,Woolworths MTM
c32ee49ffad43cae856090a0956bc8c2d8633912db0441b7b5454d151b834223,RENTALTRL
c394c873fc261f88fad0b3cf9b9c48fc9ae1becb27f0684b1d7cbd4ab1ecd429,MAN02
c399858b3c903d7fb078adff6e11cac7bbf7d6f203b94709905a4fe6a1b243b8,MAN12
c5299e1136a602416b8c3b6ef392a04bdb960c9278894ba1b16f7ecd9e98802e,T43
c5ba40abdf269ee7e3577bbdecbf1060f7435996015276977702aee2b45496ca,RC70
c5fc9c7a5e64bb10d8837c0bc06d2cf0937c8962cd2f6f108a4bafcef7a882d6,R62
c60af84c80d2f6194b23e5ad37cf88391572c64d9ab176c8220a8b5687e3e803,MAN01
c67970b04c228cc81bda9835967bf5c57458cb862ddd1f9381330db06d37cd8e,TL272
c7c7c2706af75a36a52b9285b8b82f6fb1986f67eced251ef434a9bbaa02985b,CEVA
c8654892d5ed5fdd5daa4eab41e5279d79a45bb61ae47767db3a4e9ef7cdab19,MB73
c86e7f426569b5785ecf858a1a791b788ce0f61c639ca05aad9f86733aa956b5,T68
c917906f40c368a745706d3d9ca8e64ed8d5a46896064529fb418add3ee59d3e,T24
c98dbfb865b2c28a07abf5ec4624a498b9d810828dd33755cdb861f412c0fb3c,T64
c9e300aaf0479a47b7d17467f323cc684fc81beed14e89403e36d7ac24a573aa,T216
cac6887bc869a5d6641e08908607130446196ffa069fa3efc257715c0a5b46e8,MB38
cb20d2f84a10120df3f524202533913f449ffe5e1a12331a77441e98d9f2d2b3,TSP302
cb4629fc0dea88270bf1317ea60e4fec9ef7d3abd0ce675d7bb01a75f8700aa9,TSP307
cbc5dd644ccac5bb2f3ddeb5adcdd53f7c28a6f66ea3918369ba488800d2b7b2,T34
cbe2d4c0f8f5a48627d26ad1fc9da6b4619caebb7a22e12b9d20b31d90dbeb2a,T31
cc1a0a8cfb76535cc0d883499ac19f9aac675477652087ac0ceebd6b6f4cdf66,T57
cc27c40ff4e97817a44847d47b0a89dcdacab98c2574fb1153ad53a25597b1c0,MB19
cd63e0aa938bc018cbe05ea10d5777d878bfe1cbbdb7a69f0cb28229b38fc11a,T153
ce5fcb01e43539a5b0e9807152126d0efccc57d6f6a4c4b7909e58e14105caf8,TSS194
ce71c3cb113fdda5278127c8087ded963be7bcc3b18096927f536e3849423833,TS258
ce94f7a8d2be98a7c590f2d4b96a28bc3b8e3379745c8664f5c8624c3a97dc64,T99
ced09eeb42e1c35bd270fb0fba3fc77765f375dc50c506f562ceeb156d1a9de2,R79
d12d9751e672c4d7b63ff6788dc8e0b1f81dfa1511ee65f373d152fe6efbf749,TSP305
d233b82b7eb6768e8e5bb84f3b4d8d9d2a58a851c6a55cc408d98077ea0c503e,TSP301
d2808c9964aa2fdea277162e734cdfa7f8807586e68d958023fc8745ed6f9bb7,GO8 - BBC
d363893ac077dd250cba2c14500617161db2ddfa63a87810ea30243d429a1759,T190
d390012f3c7ad05ba1df24f805f8a10d5304123b1f76850d53cc32da64d4f2ad,Warehouse-Yard
d3ada6dfefa01de563646313a2dc31174de2bfa7d947d05dd600c50e621ee03c,T130
d41199cd2163ec205f4075132ded618e00d6bef8acd8b26494838b2a7c3942dd,T71
d5db1ae5740b64013a132a3107ab8a9d56d182a18fc80cd019e4ddc317885a6c,T17
d63b4cc232541e625dc8f6d541db42f269823d57b8e1f00f9aed55d530e82d53,T55
d802216903acebbf27c2be68864e215bf55b397543f1646dcb20e0d145cd07dd,T211
d85f18b60e4f97ea28addbef4c12e54b1fefc5c5d36ca80f3ef7e2abef841ee8,T16
d8da059fddd2eafa414b4da569cf575fe6ca1ab0c7b02239fe10d68c98291207,R68
d94a26792b2f8154ddfef2cb20ba8cf500fb4fc4ff3d9c2919199638825cc4cc,MC02
d961f329faaef092f103f04c2fd492b5f7a5855c2469d8bbc541fa8dea9a787b,RC71
daf88baec11914228363ea3e81daffd31bca623cb0f027585ed3572073618728,T260
dafeedbf48358af61f6e12657e143def5ae2d95633885d84a95a8c59edff69b0,T131
daff915a07370db83f8a0f09a3cdfff7ba65c44df3784d561a4f36711f329a0f,RENTR01
dc4c88afa009ef0c515f95398fdd16a175f1bf41fc8b49aefa3eea8ff06d0fd5,T189
ddd6b897e92b08790f6ff9a6d0b72256310b6e8044ab22dd38a7bef4acd01bb4,MAN10
de23ad20be42126fd50821421f302fde725b01b901e13884d549c1291edd392e,TSD241
de6fd74b5e4036cfca31d28cebde960555c3981327e5a86ce87ec0603385dba9,T228
e06d4f26e2c52c54d10c2d9574a3639507a0f3f558c84af7a5d34eac8b0c8856,RC77
e09ec26780e592aa8a264311886938c120424a4cf1341cd29145a96c648199b9,TL243
e1c2ee9e42808b1dc1a69b71becf7ec7fbb3422eb88e99c745510fb97932c508,TLD249
e2b12f49fef0afab893f47412f5c005548669f182c4e5c7dd006ea8794f6bdce,TLA248
e3c0ba510fddc0123a7b19d9947e0761dbe1ae3bddcfe085a620b2f7a9908658,T238
e3da023d4477003e97a9ed280672ce37d2a9181a762b09271c25ebb66c29c1e5,TSE277
e438d124c708d346f1a59a84b52d11b41e7d88020f4c17154f690b48a36940db,TDD168
e4436553f58824816540f3870aa6762d1f0b6685ce0f4af8dff927310000f4f6,T87
e486ea81b503117ee195bdeb30417ab1884036f1b7314285f6a8ad1b2328c2b4,D34
e4a6c814ae402ad96816cc5343a8f8dc3ec8b6e53a1e3e43f328be428c48d2b9,Steelforce
e5199377e10332f49dc718156a333e16d43099b249ee6169aee80d742d358f0a,CCEP Perth - Drivers
e561bf1f36de635a0ce2e501332aaf68283f137292282392564649fd49389b6d,RC90
e57c236f68ac011cd29d2645b1e7beeece6ba01d9064f4dc1f14899c00a6775d,TL218
e5a72119040973091f92fdc0c7ab8d577e92a3c06acd5a9e8f6ce7921674bc6a,RC74
e63df40767c86f6c688652ed2e276e21c85b3761a43380cb68e0bb1974314086,R58
e6461a784ca5d5f2e614b669e75e3554228645df6851106a8758bcf7fbe62869,T212
e6fba25b76498a146c875c6554da3f2c2d6c92d5a3210cff5d90990edcfb7654,T72
e6fd5bc92174d3acb8c0b7209d122049cbdb4c88eacbe98502b1607f1cf94df5,T222
e73526ede74e0110a5a24e72fdaf7214b957792637d557966900d0a277bd68bd,TL273
e800c3dcb8f9577f921d23c5ca08001c2ed99d01bf4470af079a82fa9c6b308b,T04
e931ba07fad1d8aeb0cca0a78e2447fa2dc0d5dae328c4fa52eac792d15e51fb,TLA245
e9b07771b2b7572842a14ccdee70ef3736689e9f51b799a3517353e5491ed74d,TS254
e9ddedd7a7246e97c7e9253e786a1545aa46ea06f0210745954bb7b6ee1a49e1,TL202
ea328ac654edd50b0887aa49821dbb91184f7d8b606d6ccac54dec333ab2c7c3,F31
ea81d03834086d8d189f00c8c9f8f618b11af5d34cf5edc4cc65eb9c20a83a73,F55
eb19a622b18e382ee6f0b9e4866a628904e27b39d85b9f619be6d83b52a9f1e2,T03
ecc3355e426823accbcb4b0ea78241d544d07666c72295f122dcd8be465c2fba,TL219
edd33d6ee5fa1bd1feeb2b8a8489d09ac45394ae32fc6fb986164ed5dac896b3,RC30
eec8e79e720fa50c98044501872c6a0c022a7f93a8bb89118b8666c16d2a0428,T51
ef307ce88f5e068e30dd5dcd69777a4e45256a7ef3a69cc6fd08b5017c785c59,MB09
ef9b5ee7fabb6baae71888bc43d7c2a06222f120d02ab7dc5534fadcc52d5c0d,MC06
f104787460d4f73d81473bc6867b2e31731ce19c6af500921267c0f8c47db5b6,RC92
f3502fa85c4688515b672d50550e25c686d6bf05eb0549c44a0ea0a912e90120,LH Admin
f3aa4b6b339c687e122c4526b254451b8c5dd37b736d808da8483ac8d17a91b5,ALL02
f460c5fbc88a8ecfe56776f9c71539f2aba0f41b88911d245d6797ae5f7b0d2f,TPW191
f471533d832732ea83f9d1b1ba7285fc27873ada507c48e975b2fc4cbbbde7ac,RENTR08
f4cf69f7a42a03fabb201a6586302723d76f1c3da190d3725975f9499238acbf,TDE239
f4d0aa3382636dd3d4227ec174048c2d83de0574d30a3f081d076392a90ffc19,MB93
f5fffdd30cc8e01c62017e9bb354141ff6113dd7c911eab3a540e2210f569e2c,T79
f6944a025ff869140ee5c907c7a6abf1e6c6c65f264e50e4b5eada34caa9a3b2,TDS180
f7205752bc1be467078ceec37888f1935f3603f410a43595fbf4962df1849296,RENTR04
f9d22bd76db8cf47f1b2c0a484778ac0387143416dc1f15f80c77cce13e4be63,T96
fa2eaa0a64ccfde6a8aada80d745feb46228909ab36bd09dc8baacd462a81658,T175
faeaa926a0430c8d04d59e6073e209ae659eeb4238dc2213b04585e103f08368,AL1203
faeb2d015f62db58591909f194c6864d19be5e49ba19a2e9d8091ff60c93619b,RENTAL4
fb938240544b9a291cea7ad555461e5d69d47764c428b3d71931fee9bdec9ec6,T208
fb9ba0fe5d34e84be2629fc00b1daa7b41b07af04164750326ca52f02514dd3c,ALL106
fce32ecade496986ce7c3c7b3091032fbe77710a5d4caf2d6cdfadeeb25b4404,R23
fd58b50177f07bc248e5756799e8c93212fc998de56aab31a468df83848d6d8d,T210
fdda390b96a48295ad06a0ddbd65032afc5b8023516b721c01a38a2c1aef56df,MB12
fe0b5fd4e65a6404260e1ec4a58d3055609fc46f61adbac0b4a2edb05e7fcb4d,T22
fe0db4924ebec71aa06f8222ec5f6274de09fc53597d6a9f2bbe95a7ccddbe0d,T147
feb138d3dbd2ad60dafe4b26d65d7f86eedf7f8f7e1d603fdaac5ab6f41ae2a7,TDD231
ff0a7343364863a2e7560e0ca13618d3ba8d98aed348e685706880aa6c0a3955,TPW244
