TIP,LOOKUP_TYPE,VALUE
01bd0fca813578cb58e64351f6b120bb57c6117a32104519d9123e3f74e90b97,unknown,O_GI1  Improvement Team
021f22fdaea6fbe57ab8954c6fa695c63885295b7fceee5bd0bdb7c880147c1f,unknown,O_GO335  Steel Delivery
06803fef2d8c073af2d51d9aba1c7890903d0b95a458fd3d09234055d586ff7c,unknown,O_GF3  Payroll
075508007a81e71d3850e8c808303c6bf8ee58667192042a58dcdbcee30dbf28,unknown,O_GU  GU - Unassigned Resources
0afdbaa9746fa97f2cc512bcca364536008bd10fbaf2088866e58ac388d2b187,unknown,O_GP1  People & Culture - Team
0be39c02d66b92d05217f336997f001a45611dd8b9c4409fe63cdd4140608cb9,unknown,O_GF21  Admin Team
103814bcd32329674525f1e3c02e6ea1aa325490a8b10195bc90e31ab4cd7893,unknown,O_GO461  Air Liquide Packaged - Drivers
16136d8b6147989ec1aa0e12954e35852f7c15e06a0b72e82b7b76634569ff8a,unknown,O_GO221  LH Yard - Team
1ecb201e98b9db93d20b42ce5f9ddd82fbceb6d11cb868eb97837015a26b4ceb,unknown,O_GO5  GO5 - Projects
240d76571b21cacbb93d27810148e960e7518e7eeec55bbc76db326eae3b93a8,unknown,O_GO13  Container Admin
2609fac1a659ac8e40905109e4c1b903c7ff98972e398eb7822f2eadc363dc79,unknown,O_GW1  Fab Shed
27efde74e87c7e9e393bc16396ba92bb5d48e1925dc0d61fd202dac06468da95,unknown,O_GO42  CCEP Perth
28627e36fe046b9b559e19bd1ea89a07984691785a72885f2303a00321c7ff14,unknown,O_GF1  Accounts
2907484f3cd8fde0fc073a037fdf8c37e9a047db014b8d35aa056402f1ac1111,unknown,O_GO51  CBH
29c52b7888aaf1a9f14410e31773530e4169b96695a4b1ae2ce8c932aac03643,unknown,O_GO44  CCEP South West
2bda7da94c7ef0c42eddd2e44acec177202db55453b11904018a008b45e71fda,unknown,O_GA1  Facilities
2c5a1db87ebf5e5fc76976661464f94802e9d05e3c2d37167993377a605a6709,unknown,O_GP  GP - People & Culture
2ca678cd2e0615ecfafaced0efa43a9aac6e78319123b0ab3a09e30ccfb5ffd4,unknown,O_GO721  Woolworths MTM - Workers
2d74cf136a6e9d53eb14e51a1361f51db76613241bbf706e019b8f45965e716a,unknown,O_GH3  Quality
339ff00df32f99cd161fc8b3857206a08e7dc2d105054ebcb5b66583acfad7df,unknown,O_GO34  Metro Distribution - Admin
38c5f9dc7c2dd0cc76b2e0aeaff1e4e2511a6dbc9c3d78417fdb04a57231f4ca,unknown,O_GO4  GO4 - Offsite
3b2507c2c2f5c12e4dac0e3b457cf40521133907db33967e187adec2d1838976,unknown,O_GS1  Sales - Team
3d325e3c24bf8d0f35335903251e95a8f9dcbd92b7af784be8588728d64d6388,unknown,O_GO411  Air Liquide Bulk - Drivers
3d4d344ec303901b48b7b1b501cecdbc1f1f8d86eda28920d8dd93a1fcfd4300,unknown,O_GO45  Offsite Support
3f8e27bb434ffaba95c6a10bbcb297cb4539ea72cff92dcf03f8d318fee1bfba,unknown,O_GO81  BBC - Workers
40500033249501168909630731afd1a52329c61d3b4cacd77c14ac531722a5c5,unknown,O_GO3341  SSAB Yard
42e89863caa2f97f76f6cd74763fda3c95b15c534ad43ae6089cb326d57abf8c,unknown,O_GO22  LH Yard
4c3e2572d58d112f4cac4ba3beb8182a911fa65fa1fbf0397b051bd755a5bce5,unknown,O_G  GS
4ca38f93e8d5934660f6c1dc033bec8f07e145abd0cc415ecd0ea828ce376318,unknown,O_GO333  Selection Steel
52741ba0fcc6d8cd465c489a4227daccd73bfe249f5a31892b43489fa05a766a,unknown,O_GO211  LH Transport - Drivers
5466e72a32f2ceea80de92e0eb957eff6e60ceb0f06d223e5c0e0e332ffb037e,unknown,O_GO2  GO2 - Long Haul
56bc228495baf20971ff7a663b43510fc7cdceaf28a4ac460ea2b665b4519f84,unknown,O_GO323  Distribution Adhoc
58431f0207f183eaed67f7c00f9b23a158638e55c88dc194d75ba7370fbf9b81,unknown,O_GT1  T&I Team
624e709f83167db3a4b6c8968f8aa80d3caf1f5a7b42aaa94e5d26490b34e764,unknown,O_GS  GS - Sales
62f6a901cf6c297c5db486904aa954aad462f3e70a07890490497dbb3a87eaf2,unknown,O_GO41  Air Liquide Bulk
6bae5beb011b6a0814d0441d76f7e8dfcfc8ec98d4c20ed94d795beb0f367e32,unknown,O_GH21  Training Team
6eb487523729b7196b4b5abfae3acf2205c5cc92d588bd800fe60a1e2eb09103,unknown,O_GU2  Casual
713a1da8adf0ccd80e21a7f80fd63ff6f960a1007b77e6a520aee6555e065c58,unknown,O_GO12  Container Yard
74e423f6e313e07f505d4a91750e4e8419acd59e5451b3b6024138d714e94802,unknown,O_GO332  Iplex
7516836f63864907fcb7cede7cfaa9d2945c13f1cfef97059bbe64781ffb6a79,unknown,O_GH11  HSEQ Team
755e0b56257ab72265576446b4abee1eb7c9ecbc04a5be04513ada90d6ccbd6e,unknown,O_GO46  Air Liquide Packaged
777dd5e22505668aace630abcba9c3c29ddc69baca7205101b1f91f1828da69b,unknown,O_GO321  Kimberly-Clark
7e8972e7a717b1d451bd7d7428407ff4585217a46548a3ecccedc5044cbdf673,unknown,O_GO31  Break Bulk
8008842064e701162ee5df34bfa6035f05f45504412387e04a98c09be397ac8f,unknown,O_GO331  Capral
854bbd3c39af71e0e86bb388d7671d84b506c683b341cb9f534c56203c39fed4,unknown,O_GW2  Workshop Base
86d5dc3784c50deeb6ef9695f2c62a64ae9446b053356a6475aeabc65618bf02,unknown,O_GO21  LH Transport
86e006178381dd59184e58e5a17941b28ed5308077f787dfbd4ccc9e91efbc57,unknown,O_GF11  Accounts Team
88605c811176f1b61d4f17490f8a714f04e59a05ec8ccccb9ed998e235115df5,unknown,O_GO121  Container Yard - Team
8c4b3711c2e8ec135b3061d43d1f5400d2acc04ce21379b29be0498da2ad889d,unknown,O_GO337  Metro Adhoc
97da4cf2ed6bec7abe3c18251edaedbfd6a2d9ad634b557ea1a957a897315179,unknown,O_GO3  GO3 - Metro-Distribution
9a2ddab4f0a181585bd8cfb8acc6f4e02f94448a80d838551a86c6aa7875166e,unknown,O_GU1  Subcontractors
9d750c566b338db4887c2169a85d4b3b86360d9d8c7a1d12db6918dc80abc1c5,unknown,O_GO33  Metro
9dab729fed253920b0e0fc6fa482d2a11d3212ffeaf56181d41cd489817c1076,unknown,O_GW  GW - Workshop
9e28c73c6c5cd0478c7225f5021ac438440316f7c7a7f439285782260c197945,unknown,O_GH2  Training
9fad1945c3980284df0984121f2ad0d0d9ee90155452a10f4f1831cb425562b8,unknown,O_GO11  Container Transport
a02873e07f6f7b175bcf45198b06ebf8ef04c0d9ba6aeffd5bf230d87ea424e5,unknown,O_GO1  GO1 - Containers
a0347f4957b75dc39369a264036cf9377853d77023242f8fe2ea8b49a6a4e2b8,unknown,O_GU3  Unassigned Equipment
a960cdba256fa6df7ea1efba57dc008b047c073314cff3cf64d823e50ff3a43d,unknown,O_GO32  Distribution
ac1d90bf00a3a868e659849ee731763aab29a358da252922321d16b91e408eb2,unknown,O_GO7  GO7 - Woolworths
af1d35bf5b756fa9d9b889a153f70678ab3d0fb43681479835ae164271f4a494,unknown,O_GW4  Workshop Yard
af74a425ab9164c8f0bd02ccdd21509923833ce8eb20dd26a1b5fae67b8f53cc,unknown,O_GO71  Woolworths Liquor
b1707598ea02289386162d6de5e23de5e357c93b0f2ba732eaf4d9cba91a0bf3,unknown,O_GO431  CEVA - Drivers
b6672f53acb258bb8e454beadd7ab2c4ebfe67652cfe44498c71e61a181047eb,unknown,O_GO322  Monde Nissin
b9879c8bd523b7c2127dec939e3c5fe6f1d0d8f408a95d8152f42812be4c373f,unknown,O_GW3  Wash Bay
b99223f5f4c8f584576dccc3172a4c9a2296aa9ddbb067551e399dff78d37648,unknown,O_GH4  Sustainability
b9a54c553e52340b6a18c7f4d4444e7dd92313e9e1be26668adbc493531f28c8,unknown,O_GI  GI - Improvement
bb888425e2d07783807dbadb531d3741450a08e79d660c124315afb75e69e94b,unknown,O_GO334  SSAB
c0ff14559545f7875e2cd0026a3fe23447adb5bb4e22b7ca5aced8bf2febfb41,unknown,O_GO111  Container Transport - Drivers
c32e5f3bb53ab8a0a90f92b147c7ae9dae6d295548b9fe49d19427172f38f024,unknown,O_GO72  Woolworths MTM
c7c7c2706af75a36a52b9285b8b82f6fb1986f67eced251ef434a9bbaa02985b,unknown,O_GO43  CEVA
c93bc71f2c2bb0dbc0f111c6aa30a92e35a43ac9267341acece02c554ed5e750,unknown,O_GO441  CCEP South West - Drivers
d0c1828f197c1b12bbaaa759ad95a2af493bcb0d2153dbd972799fa2efa95917,unknown,O_GO  GO - Operations
d194ebb0c7e945521c9d93af2cd1cdf3e12625a004d6eb506cbd38a663618279,unknown,O_GA  GA - Assets
d2808c9964aa2fdea277162e734cdfa7f8807586e68d958023fc8745ed6f9bb7,unknown,O_GO8  GO8 - BBC
d390012f3c7ad05ba1df24f805f8a10d5304123b1f76850d53cc32da64d4f2ad,unknown,O_GO61  Warehouse-Yard
d810688774b5f117d4ab041e66bef819652c165deeb2413b16552deac6cb771c,unknown,O_GO52  Projects Adhoc
de44c8f29f4cd904410c93bee116e15b26e6b57efc6d5312dcc5abf3d13c2a96,unknown,O_GW5  Workshop Admin
df93bb5c1833ab6e14591a8523d85b7f6a29e26cfc9a69d2f9b57e8f4ec98fb1,unknown,O_GT  GT - Technology & Innovation
e0054ac10641da0819054c2e6eb6985f29834d1ec30207d176dd4f66d8cdfd04,unknown,O_GH  GH - HSEQT
e132500302026631fdefcc25a642c0b651ff48e6edaccf8e59aa8e7dc84be38c,unknown,O_GF2  Administration
e4a6c814ae402ad96816cc5343a8f8dc3ec8b6e53a1e3e43f328be428c48d2b9,unknown,O_GO336  Steelforce
e5199377e10332f49dc718156a333e16d43099b249ee6169aee80d742d358f0a,unknown,O_GO421  CCEP Perth - Drivers
eefdf82d8412e12a86de07dc9e1eb0fc285ef2f7a07ca22f6b8d6341e5beed54,unknown,O_GH1  HSEQ
f056fb69724d23383e45caba49cadb891a9ff71c903b27a240b905b03ac215ed,unknown,O_GF  GF - Finance
f3502fa85c4688515b672d50550e25c686d6bf05eb0549c44a0ea0a912e90120,unknown,O_GO23  LH Admin
f6f1e8f4b8e46ec7e49f41032eca2add963d0853bd24e84b99efbf684b3a1ed7,unknown,O_GF31  Payroll Team
f8bd4ce81c02d4cd15c2d667c6342572ef60cf5bb8b84e4a0eccfecbdc5e2133,unknown,O_GO6  GO6 - Warehouse
001afd44c831376c61fe8f489042d37816182be5e5072510ee0db6d82182da63,unknown,XADAMS01
0052ddf2be16435d9653a0e615ae923f73d04d63d4667885ca7bf0a702a4bffd,unknown,ASSET ID NOT RECORDED
0090930b132244dad15103499c4324ec50c71e5674336e01124a4e320828b3de,unknown,MB42
018391dab1a7e90de158c957c3c1b8269df98dc13309acdd108ecbab2d491ea5,unknown,T54
01bf08d5498e78a68f1f917ae714cc642a6950d779b2419bf115d3cab22c07bb,unknown,RENTR12
02409bd3dd8355a53b3cef56e0eb6440b653bfad9579e7e602528db25cfbdc34,unknown,MB26
02c90f4dcc0b28cc3129fd478e3467dc53dc739dcd79b44ee6a1d003be8674f9,unknown,XCRO13
030e77268efc3d586b9b80a5a2fcf736f2c0ce742d6dfae475a2df44d6dd8819,unknown,GME UHF TWIN PACK
038a79f290e509ea612556610cfd1b411a1a2dbbff32ec2a3c478e4542026d17,unknown,D27
045c256e27e556dc2ad34173178e4e74b62673e3b271b079ae2d7075e254e9bf,unknown,RENTAL5
046028d45fc2c243f2ee3f5c2cce04e4228a0ae50f1f977b75eeb8dde50771bf,unknown,T107
046e24510cee913c360dbd7e5ca514b65b6c1e10e7a200f7de7cafd7f20fc3f0,unknown,TLD250
05b7709eec9cb9009e1156c0f1c5556354fe6621efb07a0888f66e923d9174fb,unknown,WWT
05be7a4adda50121a56b6bd06ba48602e1a699cc59fcdef83931c26709454966,unknown,T111
06124ec0c783b6355d0fa38f0f5c34b3ace4baf9800191ae8cad540096cc1f95,unknown,AL610
06152328a7a1700a222512b3704da7a48a8a11de8dbce1e01d5a5b8566bd0a3d,unknown,Rentco
064f126a813b8dca8b673f80be50faec99f804b398eeb5118776dcc4a0d25c29,unknown,TLD279
066d3645ed15d7b797c45e85ae2c4405bfa7f84aeeb76a483256956b444efe0f,unknown,MB43
06bb487ab61cbfd9e3c76af7625771df7b1953a3b952176e5ace851466dc4ec3,unknown,MB71
0784878d86251f94011b9563a99b28901ad1ffcd38837781f2bae562c4a2f1af,unknown,EPJ22
07b7e3b8e986c94f9b5a22d4c71b61bba8e0414eaf71496b07354a1ad857c69d,unknown,LV23
084473c6c37a37606e2f14bba260487d26aaeb866956fbe8450193c55ae0793c,unknown,T94
0861283a606e2290f9e18d574e988ce78eee1ec9832c30dd64fe0169002ab448,unknown,MB53
08adfdced46b30e33a62ceb0a1efb071f96c6f4ce8bd41dca1211e2eb99e326a,unknown,TDS167
0949ef7db199cda774cc86653cf9f05310eaa7da481009061163e65c7abf17d5,unknown,MB95
094d1dc267f5ea1fe679c328276c6a7a3e8538be0668bf82f0df57968d395ec4,unknown,Rentco
09a0d9aceecb8092e849c80c66a4918fb5a4a393198092996bfe45413964c18b,unknown,T139
0a3456a0c2362c6a0d8580587e693fb247004f3f5d5769a6817a2d6c051dadc6,unknown,MB86
0a45b1e910113a5c476ab8b87e25ea2fa76227c95a1b0451028e1b0f198924d1,unknown,ASSET ID NOT RECORDED
0a9f590f670a741da850274a101edba17caff1a5c5d4c634eb30de18054db991,unknown,F52
0abe9d776d80673dcd93d35d1247da5d6ad53f4553e497a04d291c955844ccc9,unknown,RIGIREN4
0b040c936f64c82ba5f3ba28fe801b8d326e512a2662baa0d8dcdabe0a53e43a,unknown,MB81
0b1be7f285eda22bacb2322827bf0462bbc3c5ac1baec553a4f6832bb8c33635,unknown,RIGIREN3
0b5a1bf9e82a05dccd7628e1c16c5f072d0c2560d53460e690c760f2d9162024,unknown,LV39
0b5e7bd3e557acbb00e1dfd5c122c7dd3223088fc833cae2cf783c551c099236,unknown,T174
0c2cad1a03ea60c79b415b4cba10562cdec86802878b87209ea1a86eec69e580,unknown,MB78
0c8d0601b5697ee5114f08caedf372fbc0c8e2e87ab109c4e221bec10bf9102c,unknown,XADAMS03
0ca078384af914368942dc81968c45a95accffeb3d7e803718eddcba7e33f340,unknown,RENTDOLLY7
0ce006e374a2ba284ec499773a0f9f3b9188dcbdc12e5e7f313aa7f810ed131e,unknown,ALLD04
0d107307523f89d874e85bacce6e9125746a4cb29386f7e4dbfa362f4a44455b,unknown,MB74
0d1b60f77b09133bb9c8e29e623b678080d5ce78498f053a82b1a4785c98d79e,unknown,TL242
0d48e0a61c6c5e385d41dfddc5011dad60b4f04a3802e9969e0930cbde5c9351,unknown,V01
0d845a2b6d6fdfeb4ec583957a715eca35e918808ab72621bcf7b636232fb5ba,unknown,RC91
0dd26224d4fd82ceadf3d6284c45b2945a4d9b6354d70cf54a4e5aa8f33898c9,unknown,TEX264
0decc16be601edb6435dec18607a61e14c14b97b49085205690d33d93f742d7b,unknown,F56
0ed130dfbee7f72e21815de31a596455121ce895ba47c12b33c540a43431bc09,unknown,ASSET ID NOT RECORDED
0f2053e65b68a8448a5c7b93835e1203a7146dc6f5bd8d5c0ed2f149c6bf466a,unknown,MB80
0f829ca0f49c04f943b459c19c43af626cf93c55b975ec02ae2e0c2086af1adf,unknown,R47
0f8555dd34049e10a8ffd75f3450614fbb0988e95d94438c9251bac97edbbdd1,unknown,TSP304
0fb184b74c5a275cd5ccb41d721d8db6d27497c883d36da31abda72abdd05753,unknown,FL39
0fb67f8376e0101349a32b9b9df8472796248aa257adb64627c8d48363e15caa,unknown,T91
10636fdf75e0a9879b6558083b0a634c1160a1cacd86ba57753f400aeae5889b,unknown,T84
111260d54e51387709fe70c5325eea7ee1e3f62adc26793617c872ee4b32b8cb,unknown,RENTR03
111fe44131b27fcf6c6357e413c6b624d00ad5d72da131bc2c9ce6b478579bb1,unknown,ALLD01
11a288a05078e972302851e46fa024fe2388451a9a9d5675cdf3b6b7a1776911,unknown,T10
12771469793780c8ddf96d2c01573e8bd7ba9f6067bb2a457d4bddfedf85169e,unknown,TL149
13706ef13e398f0f3ceb11c78ce21ade83f6025b2496da066184cf6b5a946594,unknown,EWP1
13afbe21772d221755c1f435e8c5fb2ef6933d9d1234413f3b242a9c8ec156d8,unknown,R95
1439fa5ab3939ee286af556fcdfdda105fb154fcbc283477843ebdb94bc759bc,unknown,T115
148a565c7270ac0c448d5d214c9a0b2d1dbd46aa2e459ead169ed6891f3169cc,unknown,T109
1494edefe8dcc0dbf211e7c8d023bf2dd78cd647d476c08bd66c42d2e6963c50,unknown,MB40
14bb38959be5164260dfb593093f24c4bf929921c2e0a85de7d517ada10a0e5f,unknown,EPJ23
14df6ef12b9ab5c883d4a7bdf78d79ac091286b185881c07f2d3eb0d278c87e7,unknown,H17
155064e67a734ef3540f243c9852f54ac03bb2990e4bbb653fd1f5ddf91e24fc,unknown,T45
15aa58ea884a923c8b4df992b56c9d785a1728f837a1c05d41c9449a5089c55d,unknown,RF54
162100963964b13ee67b215409acb6a893e185e537d4003b998df77f3514d814,unknown,MB58
168290bdb329f799778ffb2a1aa5ea488f084ae4fa6e0841579fdd8c78cc3f37,unknown,T135
16e7394748ef3ff93542116a3c2a10fd9fb689f76b64cd98624f3d17b179683f,unknown,T38
170e4bf892901ecffe398b265fb2fe5895e8f6fae776e0d2405becf2d115194c,unknown,ASSET ID NOT RECORDED
17888bb4b4a36ba6a8a8776f0b1183cbfc7f179b910b91f1fd4cdc84740e2490,unknown,F35
18da120dad85e018dd33f2a4a1973e4b4896c934ab7f268edfcd71534a4b85c3,unknown,ALL112
19064b3043e8d086a999d5651a955fd4db487b94b090571969ed03c7939cd0d2,unknown,ASSET ID NOT RECORDED
192aef2e30c9915e53001c5f39fbc04a8523f182a3f3eb9157f79d92feb68385,unknown,F58
194b552056577b3ee7ec4f5935f60b0176a1b0bd61b15ed6d1d04671f2d42f1a,unknown,MB88
197c93432264c3d7879c8f672ff878e21018d6184c28e7dfb02c501763d83efa,unknown,ASSET ID NOT RECORDED
19b60a04192bbf86d2c742559b645407709441a23eb91ff56d878b34ffedec5c,unknown,LV20
19dbf5db79d7d49778a9a16d18a41fd1d90cddaa0cfc798700607081cd40db85,unknown,RC72
1a517f7a0ad94fff34e52fdf1c53d5358c90de2c615a0fa6689493529d3401d6,unknown,DEMO04
1a8837831026cff71602a60f6fe15acf5111b824fc55e655e4db2a36d61633b8,unknown,H15
1a9165f62d5c64a62d5c62c7f9061e941806717f962a55cc09de9f3f0e594f69,unknown,OWNT
1a97c1102abb439154dfd23e12b8e88fded08ac192e955ec99a8c2f72bb77425,unknown,RENTR27
1aa22ab5d6395cc6b3caec1ed79ed0353465ba76fdb2d7afa600930abc5b9ee9,unknown,T58
1b151da35a95d2561f18961f535fb38911b54a644486674ea013d9497303b2eb,unknown,SL275
1b1fb2a78e056545aa28537f48638ffe6192373050391d3aac5534ad76e4cff2,unknown,MB21
1b24e4993790d01d25976cb3d4d11f2fb25d12936a09105477b38c0b863d7d02,unknown,RENTR25
1c434778c861f97a18e9608b88eba8eeb6af2f587856ad035cde32ca53ef84d9,unknown,RC83
1c9df8083d7ecfb3383ccc006993bc91d7316e6cdec583f06bcd686878c1a496,unknown,T127
1d4e74a9fc44c70e0e83fc4986cbc9babab82f3b9b45aa75d61e1ac67954d90c,unknown,TLA206
1e395d2262b2096562582a755da3c111e36b389137a1e2d55ac15ade13bb4e72,unknown,SL196
1ee931e2786737905f05153c6d9a721c9bbc1b451a29292fadce379f8e7e58d6,unknown,RC87
1f73b01ff64b03396e0cfe265d7a2ee690ec8fb4f5456f3aced0ba9ad7d5443c,unknown,LV32
1fe9ac5a08f789a702a39fc92b61f1e183212bb7018364d4da47257a2dd5127c,unknown,XCRO12
1fedc8d7b5083ee616766af2612e97115c19d9c6b6037b7083e5b5dafa0d9ee4,unknown,AL1204
1ffbac83952ac45a77eeab33a85bce5205a8e9e4945cdaeee3d3f84ff0aad528,unknown,MB62
21066a0f847eacee3ae98cb9f5a8b0c07f1910236109c8d953baacc976ff41f5,unknown,ASSET ID NOT RECORDED
21487b38fafd5a5b460bfc075417a5db592c683ec74a55a5439ade0823348987,unknown,XNGI01
2154f8dea3499a64414141429f0c9c311b18f259b698e653def0542cc3c8bf7f,unknown,RC84
218a27c27d4948dc9880e127a6b356909e6010d06512c5f566a239b25952e4d1,unknown,LV29
221eb9291436ff764025f724d22718c40ab7d9b5fd64e411430b3fa03eda59a1,unknown,EPJ10
224199899027297330c7e7bf2324668eb0cd3c6877c74c193875910758b836bf,unknown,ALT101
227fc08939202953211e0653f84ff73888af32fe3c39dc91e25b1c5dfad3ca03,unknown,LV16
22bc9813ed4d6c0a46b0c96ff5e0a51af4db2fd579f107fe96e4e0807e0a416b,unknown,T164
23575ac82231e169e38aecb94c2a671a045fa8c8270ff31931457ec1003715ec,unknown,TSD247
235ca9778ba660cc832bdadcdbcabd88343566749fd1b93572eb6af04a6ff785,unknown,T225
23d5dc488e11eb926c4017d9d9385b3c6499de213962726725696fbb738fb58f,unknown,RENTDOLLY8
24086c30ce2a1193064b0d90e48174f1b83df19d8d3ed9eced212d02ce8ce722,unknown,F33
2438351333b27f648622d69d03977b6dbc682fa60d0fec1037f59fd0270c66ac,unknown,T44
249c5fca03447c95cad1130f1a3dd1aff75f85e465c51c4650dbd1ffc8a00776,unknown,MAN08
24c7130265618127e44d7cbb833bdfdd45355bc9dd449a86caffd3aa13c3d108,unknown,TDS179
24cbba11e1a2f455ea6743fd366b5d08047dd8b56ad935e4a6595bad83bb7e30,unknown,TS256
257fa60a0de072fa1c97069173ec2bdf3f0344ba3a172b790c186970c7a88e1d,unknown,MB90
26d4b902018a4704f0d05344423e57ebd7d3de650b26ea6e69701e60da19dd1f,unknown,MAN03
26dbe9f9f74494cc68098ab0a38706e51bf947145839730d7f25bd7897e4e177,unknown,TS195
2778e5bf7ad3faa327af8e2b1815f6ab46021cec0eb6a789643f9385e4319d62,unknown,R06
2818e563e58f3646ebb36bb5c3b8cdb3c9dd75e744c94e9c99dc320b3e6a4070,unknown,MB32
2899dbfbc364722d64d5e9cc4cf9a6eade4461427da77b992c5d009e5b5ef419,unknown,MB64
293109df1fc90610e319c1ca4373b6e75e785302e66eba25c2dc762caa7a3097,unknown,TRB269
29555cb769e0d9c81b06b2911eaa1eeba14119bc7778d314077c6df2a5627ec4,unknown,RIGIREN2
2989fcf50484364289787aed72bd220b9c74ee700ef73f94a70b0c21e915e851,unknown,FL37
2a41f286fca3b028234cb32e976d344fbe47bc3b694f158024e675626042da45,unknown,T112
2b23d151893ee14da6fc3834ca4c6a1073bad88ed8c18d12f9af12e56bab00d8,unknown,ASSET ID NOT RECORDED
2b448d08fe68f0a4947911e6e4309095539cd58ed135e527b5b06966eb03fad3,unknown,T37
2b7ecc2a043a43d0a87538e88d0f0a80c4308b91cca43e06e29a81305a5ca687,unknown,MB60
2c139ee9b1ef4a9ef8506f15585a22166ad2fcc7686bda25781eb239b816cc4c,unknown,MB30
2c7ce25c4fc3c3e1c85fc29500b2c1d7158378eb2cf2e61bf490f35b40db2326,unknown,T53
2c9456984d81827ee3fa0cf17a0097e460fe21be2ac1cd587bc79d4c7e997d51,unknown,XCRO08
2decaaffb4b4b7a2dd97111e1159194e96651a7a5dd2ec257f3a8eae258ba1a0,unknown,MB100
2e130980d5e508d547711590977585afcfa0a037a9cbff9b29a9045127b8479c,unknown,VCT27
2e171dc17f289b4bd4e259613b0c8eb7eea650c01219cb2a6a72c18acd048627,unknown,XCRO10
2e1dea221d8fe77469516619ac467f27da7b00aceecb3d289ea3e01f298e8932,unknown,H12
2e208439752b27fdd0c84c23b34860520d8c5bbf3a3d6b29a9950aa325bf087d,unknown,TLD265
2f995894f6409374efc1ac1f82f278446253c5ab4d8779dd5f55737e171a1ea2,unknown,ASSET ID NOT RECORDED
3010afefd5adf79194406b340af9c0d415d9d1b344f03d8b079fdfec2940c2db,unknown,T48
3130059547f029ab9fc86d02d76be58efd8f891acf65c0ff1bdd01607894b2b2,unknown,RF55
319429cb4eae65eee39ed52cdd6aae390c710796cc735a069f7558623615bbf3,unknown,MB03
31ab0b33f0983d6779f4fb5e381885c3ee121ccc27e98099cc2fe49793104fa7,unknown,EPJ30
31b7d82cd5f12ea8ad3390169fa94fa5c498e40504379a7e86d5c43495fa9383,unknown,MB14
31c32470191d18189b022ad215047fb77460dbdd746a112101fbb62366bb9cb9,unknown,LV31
31f9d161d8a8028ce5ed15514636adf958dc9ef1ef3cf542dcc145bffcd5ad28,unknown,RENTAL
321215cef8518b904185dadaa6f582c9c7638f916e3808a07a21d66907da8502,unknown,R63
32a2d1898302ff7824c53f55e480dc8064e63592a98513dee8a61efc2c58e022,unknown,ALL109
33205bea9296c10f6466c113051fb0e3b279b8744473ebccab9103389e5a22e3,unknown,XLRH01
3324ef8e6e3714c8fef904437e7367768b18e7e71d2a538620c501bdc863d011,unknown,TSP308
332512ed1f7d1398887a410893881d5c05369e9ded382e8e3dad082abaef2ff4,unknown,T80
334af2450d2cf536e9f033a059e8cc86f2eddc1ce2381f56f9b941b6c28f0251,unknown,MB08
336daa79252185cb186db465d0fb968146a00810674e06d5736bac6e19bcf47e,unknown,SL276
33e6c280b968e34c5cddbf71a813ebe02e6abcc8edc508804ea261eeaecda3d2,unknown,R57
34077e19325221f1052af83e6741365eb6019358ecce4bf5fba829523464edcb,unknown,XCRO05
346b21b5574b4aa36a6c1789429c4587c446ad64202dd6ae446d98a1bc2a9a81,unknown,D28
3614613850794c7f0f05ebeb4383f099216afe88028e8fc9688c3bb4c2a59a13,unknown,ALL083
365552e83d5d307c3df0b3e7fd12e906c9a90e2ee03811cb19e0b318513cfd5e,unknown,MB24
3656f09c25e261be8524a65c6542f412e908c4a7c1c7492f1b1c22ad2757e93d,unknown,AL1205
36a50d2492e5469c4949dc4d2c3b178678a4dd2cfc1d700aa738a9275b665948,unknown,LV21
36f097ae022227ddbe2ee432b182532c50d30a2e2eee862f831d25ec6e26db43,unknown,RENTDOLLY11
37dc53612ecfc18c64b9b937ce12e8b857953bfaff191e95e2b59988a6639c54,unknown,TS257
3846d54c7ba1b4a67b1f295247b9692bc9777ba3d2fd7e6addd13d54716c43ed,unknown,RC85
384b535984ba1c9e7dec073cbaeac387649ebcf3d0ee903dda6fb24215e11d3c,unknown,MB55
399dbcbd513b361b28daba2066d8785714cb7d95f609e0e81bb5410f32f74c99,unknown,MB01
3a437ea98698307d60ab754e74a429ca8817bb4d89e314af58327abdbc5a0796,unknown,TL270
3a4763b7aecbf0b07ada6fb7d5b6e04e4f79a260dbe9601780991f34109b5f4e,unknown,ASSET ID NOT RECORDED
3aeac0ecf6149f692ef422c34d9503c3889a0bc222a9650c5c4cf365eeee4bb4,unknown,RENTDOLLY1
3b414a3dcee83c4421dab8ede67933ffa02d94bd2cedc9d525c4966a4ed39e6f,unknown,EPJ11
3ba9ee9c9a35b20fd709bd218ae63b4ed936e12d8d3bf9f6ecfd5674fa2b6fce,unknown,XADAMS04
3bdcb19378940895d0c2485a56944c2603d3b53a441901cadb98aaa405310745,unknown,FS201
3d36e87ff47a19ed4770b94401e38d3cbae20ce25b107d1a14aa5029781c5b62,unknown,MB15
3df6a1e8a1760bd2075cd78b2346f70a5085acae50d03d37b55f30021dca2a71,unknown,SUBT
3e628acc1ca189df762109b042e220e040f5f0ef5f193668197c2930f113118f,unknown,D16
3f3bcded68838d4ad0b93121e52a809fe166b92b8c4bd8707a127f5a11119b2e,unknown,SL204
3f96afce91804865977ff0fc50e2112ab4380220cd507de4ae18fd6b2c2522e7,unknown,TFP230
3fb2ac40a6fb73d53b3bdd02addd3980190ee0d350d0410b165e90c13fb0b6d0,unknown,R46
406c1cbf74e5af53810c188c7d4e3a616aee4ac55e7cbd706070a4471eca6573,unknown,TL271
4112c48327cc083e02210375adf94cf301d570e6c2b5e03289f9cd02251c0ade,unknown,RC78
41179047306e69d9a83970d02d2f62bd34a540a7622dddb1258132e3045713a9,unknown,MB77
412622a780fe566be09df60af5ce2be61096b803fe996b3d3a10749ce6e002d3,unknown,TDD169
415da9ab0e16e6506ce0659c29dfbf569080ea235bb2a3b84d46d2acbe6e37d0,unknown,TSD246
4176a488e83ebc32e8b5a2be0f2212ec3771c9f801ff73cb52c56c82327d4993,unknown,T92
4196114772f022b8f8a1bc23e8457a5d3b959f1f94d7ac2ed592b8d29f6571eb,unknown,FL38
42007437ac6152fa6b9cbc44b9742a0a4700b5c6de288d6ebd2e558433070184,unknown,ALL111
421d94187f8a0aabdba596a0c223ee8da0764495a7e6b5db6c86bf947f13e950,unknown,ALL110
427e729a254806ada7f022ef12839e55d59b4a721043e87eb03c8bc06ba3cad5,unknown,F28
429cb41162cb7154dc351bd5877b5bbc90ecbe118f0860c302748ca8dea76ccc,unknown,EPJ27
4307c64c93bd9cdb1d05401199ef1d6ffb630ae9ca69c0e7f877d61c9236f3ee,unknown,D38
43412b9a2082f40332c9138190e63aca90a4a32a42f9d770a219e32c0738aa89,unknown,RC81
43a8d84b85425f09508436eaef62348e668d64a0650793db8d804e5387c5cf63,unknown,R22
43b74365b20add6453cc7edf24a89d15a4e7beefb51f7f695d7a63b739ea93ad,unknown,HEADOFFIC3
43dae0c9583e539bb0256b80099cf0a055de699b2b59e85fc20f8c16163e9c0d,unknown,T214
43ddca6e98308b7a35602db2928a945803619de6d4debf9d43b7cf840e215fb9,unknown,TS197
441ad84f96d399c7c4832bbaebe72dc4dd18441e59fb8a41036272a89820bf11,unknown,Rentco 
446b696bcca94df77d3767cfaf7012335340a776f192a66dd29caba317679976,unknown,RENTDOLLY
449667c9c5ac20bc5f5f4dd26e86de98768a0d5d6660109a3cb4a3efa055ea14,unknown,ASSET ID NOT RECORDED
4547104f384fc89362d67653508a4fda324dab103ce97cede008475649549ca1,unknown,TEX300
4552b6256bcc062a36ecab2ae699ed5e284bd5b02d9be80aa4063700c2790fc8,unknown,D12
45ceb7cc17e52f9a05f2c55152b4620002e49cdb0b589ad99189ae2c5afdab1c,unknown,RENTR19
45ff7ba64a620e2455522d62d9ba7081e4e304acac0911520a3673ae5ffe9131,unknown,XCRO01
4620e2c13fae2e3e9bd2923c96fde7131419cdc0f05b78eab6d87431789d1f6c,unknown,LV26
46bedbae64b6ee86ff142aa4b757953ef4bcfb4110eb5f52650be57da130ecea,unknown,MB69
46ea6010345e881840891562468edd9e0628d3d24a2130bb653b38ae46e12779,unknown,ASSET ID NOT RECORDED
47f24ba81b0b08b6ba965c87b4eae21907a31c33b5ff77c228c95380a7025a6a,unknown,T217
485adc38b9cda5861342470eb38f8ea0658e9c3c8640d329a8d3d7f959c09831,unknown,LV40
486c82979b5b25feb53c3a31e27f0f6bb93f5406e4d78b84e6bad49d7a3b1602,unknown,EPJ05
4881ad0c8e1259cb80f118d7f95dda32dee5535dfd75b85e4466cf24b190e1ca,unknown,RE01
4915139eefef113465db21fe18425acdad8b5cf6a1d66abce0d2335065a40ddd,unknown,XCRO03
49408a769080af2af14ae382ac20694f9b4174d2f024882a7e4606e79a9e758e,unknown,F32
497ccf23217f1d44d5c9d1319cbe9971e51ef6e04bc30f9deaa7b26422571437,unknown,SL150
49ae9e5ff270eb996c0b20f4e76b8c7a5346d6e9b0f20c7d86dc7c2eb86d2b2f,unknown,R67
4a473b34ec13c7bbd2a2d1961d5b3a21e76047eb4dffe63b05bc6fe6864e53df,unknown,FL33
4a62d5dd9b4fd0ffd83daf44c17f1ae6cfa0efbf9f16d118f5e8b2873cb9b89a,unknown,T11
4ada455ef9d28432699eef2287d96227b124abd3ea563d50e3e6bec508bb8811,unknown,DSA17
4b4e9cc43f6cf302630f35dc58fef7a10d4d43ac31bea18cde2dc7d298d8d2ff,unknown,EPJ34
4ba13270eea6921ebd993523c1ece346f765b494b170b7ef395766fc220d9328,unknown,H14
4bcde42142ac8a94e0e4f41f6ce593a3fe6f2f6df0d3f596f4b1283ce6923310,unknown,F34
4c107c98c39029e2e5c021f01f287d7f5f93463acefb6aaf9b991be69015b3d3,unknown,MB75
4c5c7fa1959eae4fa16c44f294022352b405f9be65788d1302d21c1d71730434,unknown,FL40
4d5ec77fd1216c8ea9338fe7135906862c9bef3a56220a34b9639ed9b464e951,unknown,D31
4d67efad269ac807989580f64b69c1394491cb0e02e0c8568ec0e3cb317683ff,unknown,EPJ20
4e30c2ab0269f29f7e5eafe9b02cac5067cdb354c2cabbba667a8db0279e378e,unknown,MAN11
4e3202e4633941fb76158d2c0d8594e141d425630138628aa5d9d5e14f48ec5b,unknown,TSE262
4e6d2004232158fdcef52aa9ee535760243b648b4ab10b74cd12747fd02d7bdf,unknown,T137
4ed58639f5948d8c227270c51b1752fa452d9d4994e0477c4e9760754d134bce,unknown,TSD263
4f15e5e01fb302de7bcf19192e29fd697881e8d4ee47a4d5e1db8ed0febc5784,unknown,MB82
4f25ca3557e256b01decfeba9c51d4019aff2b3e68399cb1af044a341aa54f95,unknown,D39
4f46861eaa20eb5f0f615868e0c96d375dc492f9e14a8051b8c3799a138be3d8,unknown,F37
4f81b56c1ef92c88115e2983fc3e661ffa277fba7e0564d73a1da07203427f7d,unknown,D02
501ece1d21eb4ce2b1faabca54c15d73c47887425be5d7f41c89119364e912df,unknown,TSP306
504a5582ba7d3ed41d0630ae11be6081f818dda00155fdef9e33c01602f18996,unknown,TRA267
50eba31284c0198b03567b612b028e45362ca3a5bdba75c64c57cf43fcc1703d,unknown,T108
5138a648b3e641a80d3e79a7d3896cbfd4b207674209e62ef8988975a4fc8222,unknown,EPJ15
51448f13fff165d7ed0fb3da530f26b03fe7317e0c8c9b8b31809726e318d887,unknown,EPJ29
5144f8b45a6dec542385488da292a332011eeb3473d1693b54a176831446b610,unknown,MB34
51b475dd289b7bbc433eb751afd9635a68145ab96bc1067354137ba86d9580b8,unknown,RIGIFRID2
51b9cb64c249c7bd4ab63360fc6496f0a5def21b9c1e6ecf740999e782b6dcfd,unknown,XCRO09
51f44734f8560a00ba8469e3eb6a4c11a8598982a05e8a6328b658de17b48f8d,unknown,EPJ35
520350c62ca26f0eb72812bdbe0860c08693506f4e8d415ec17f6648851e1b30,unknown,MB29
527dda015c0d34e6dbeaadc476137d9190272adf86fb1a598265a860cfc59335,unknown,MB89
52e09a3e09bd012f07e512b4ab7b245525d68b6d129fb13c983ac103a7639594,unknown,WWMTM
533047a4408060b20d024c72bf80785f61a5437002d2282ed74f97182d25a457,unknown,R25
535c769ce8feb6943fee35916be6a1f3d19b4a296abbecbcf8d74b98e40beeab,unknown,EPJ33
541d0e21ec6f7cd1bb837dd68b94eed3ca6f6a92b7c7601d36f44f6790eaf46b,unknown,ALL104
54585cdf9cb06fd4fef68260ad0e7390d3990cc6abfd7b28e1368471e6b22e5a,unknown,RENTALTRL2
548eecfc992542a4faa230e722f562d9c00b75da4f47271ce2ed0b574279b32d,unknown,MB65
54d58723635389400ba10ecee7ee6770e0229bc2ea4eac9a705d2ba4936bc13a,unknown,XSPF02
5533aa9c9c1ab42fe533d597082c81f1894c88af6dd423dca49318abb94078cd,unknown,MB83
553f3737ad3f45a9583b028bbac4f467cd3f12fc56dbf2003eea57be110a28c6,unknown,CAPRALSPARE
55f25e09a1624fdcba46c7fd304324ca36d39e0840e629175c7b9cff11768075,unknown,T97
563a0bb170a698775456e8d9c5f177f6ba4d7e1eeaa2f1a25cf5f0062a11dd26,unknown,MB44
563d34d2ca8cccf7bd092982b4307f76eb99ae47da25289e3e13b6143b946b29,unknown,F47
56e056a35bac8a67c113932afe3203bcf99fdd928c7e82260999c82590fe0c30,unknown,RS01
56e9516fd35d98be7d51921be4852ba082b72a4451200311cb5974236b6a891f,unknown,T229
57c8c489467caf5c65b236b0f249555ee187ed251debd841acdffbf6a072ca23,unknown,MAN05
57d920a318d6f7b338f76abe1f8822e652f17ff02b3fa1eca37a4e6a55a99c7d,unknown,R49
584780df007c478afa65f8e0215322752f74e27d946357dfb58f14aba0376e76,unknown,T61
586af054d7c4b2fb53e09a77d6925bdb594345159b4f90641da0744116e956a6,unknown,MB17
58f23dfe4e7e242776366d28967a81ff2b19713bde5eb9a2535efe6d7142187f,unknown,MB33
5912c50e125442dcab47cc713c18107ce686e6b46066612d8d4c71ba76d1a8ee,unknown,MB10
59bcf3353cca7cd79a863a7799c7fbf1987365b39f34b2f026aae07550e1efbd,unknown,T82
59e74d599421b2b53fdaead363241179c12312047021e3970ac7ec18cb7f5628,unknown,AL802
59ee3002be77f2cd81178cc850a1a209c08b555c346a336835a009cdc7f52f9a,unknown,RA03
59faddb3009c627356ec88fa5b735937f35770075f921c0162388a48b9718070,unknown,F38
5a96990540ce1b3a409b2809a86d18b2eede7a4d7863823c0d8ac21a092d1591,unknown,R21
5a9eae1cb5e645b4c489ac3314f371ea0d8a05846a5f1267223947027ef4cbae,unknown,D21
5ac49a4d7e83b5b5e8e646948744032da56f6ab49295d3aae416adbf92c952b3,unknown,LV27
5b2f126e79f7550b7fbac7f724a721d3e7641a85a6a008146f006aa15173c1a2,unknown,RC29
5b66c32c59becba643b781aee15635a0d8f72e0b6bbb63994b455a6b3e9dae5f,unknown,TDS235
5b74b11e595097566c544b793a2977b2579caea8409e9c2330c07a3e6c7a5107,unknown,RF64
5c8bc7decfcfbfb46fe1742ee4f27e11bc82bb19378f3559be7e08a7eccc7f49,unknown,MAN15
5c8deeafa0a46049d29cabb81752a97b40b18a072c5b63aee64428abdfd609ca,unknown,T56
5d4d96f9f96e02100bf2396a6113d9f9d12752f1c97d67812b555cd1b222b8e4,unknown,R61
5db4295ea3d0530bc39f32d3cbda0f6cdf0cf52047d2d1e7113dd0aec873552d,unknown,T49
5e5a491dfa2923bd1b16db42cefaaf8de7913b894f4394c7b9870325a83af825,unknown,H11
5e5ceeb24115fa338689c523220398869b108e0057c909927a070add1dae758f,unknown,T221
5f05f5fee4b0bee00c4c5ef485330be4a129bafe02a6b18666e4fc0be9505477,unknown,AT148
5f13d364aeb5d44af1d1c57cc59065d0a1360f7570b8be1557eb63e9f7bffac7,unknown,MB66
600ff59816934ff295d3523dfb0a6d1b6cc78cf766bdebb722879b6a518059be,unknown,M07
60a043b6d7bae4a4c99db15e396f06ea8913580f85620c95f9a0d0dac1e34ef6,unknown,RENTDOLLY4
60a452a7992a8427d7f5cc8e0a0d70280959deef4d6072340f251652f8e65938,unknown,RC38
60ec7af57d54b20058868a9908b280344376b0deaaecde345c532a2be59591de,unknown,EPJ31
6158db4d7ea15037f761790c42a0fc500e8eed9ebf51f5ac89631d38466c140f,unknown,T207
632353e9961a7f106c18739dbcc2f26ca85d4e95337ecc87ca9b9d8d3243320b,unknown,F25
63be05ff48a4a52b5d3cc536983669e0dbb247dd61bc8de6dda59c3bc1cb0493,unknown,D01
643d90baecba0400931ac3175159b773e549695c7744a48a7670df1ae8fc6b06,unknown,RE02
649d4420de54055802cae433c2db4043ab7b170577359fd5d3f5e2211d3187a7,unknown,EPJ12
65c5bf290988dafa7a5259d1f3490c6acadab138e768a3a390e322242ef84401,unknown,TSE278
65fb790a678b197585669c233c5c17d8333d32b2a9858162f58ff8d4cd556577,unknown,MC07
662d659285f94142839cb9f9965ad0bc51f66e76f95416841d1fb9a1c23bf681,unknown,T134
66568f702982fd4532f4ef94e690d1aacc357273cb92f4657e2b392db694da17,unknown,ALL05
66cfe7c96a27178bd40819daaa6c3e9cebf5510fae194d9a218beb151dc60d87,unknown,LV22
66e34c90661bb723bb12cf620809282e044ada7864066543634904a8c8804faa,unknown,R45
6707cb5f9ff3ca7a30e612c69aefa73ece192442ad388ca27141f3f54073f7f1,unknown,RW01
67be13b60839767d55eaa9550eba4a9f8298357210932e7cb5548f40ccd5a897,unknown,M08
67eb2787c159839e69aa0b0ac6d249127a4f9c4a7d331514429e01b14fa88308,unknown,RC79
68bdca695566ceea7183e952dbf2f3fd6ad345e11744a26e94764d72b30dd9e7,unknown,TDE236
6920e28a410cd06e06eacbf62b366d589362a1f0fecd5e934b0cdbc0cb2c04db,unknown,R65
69390faf8a521ebb8e85d941bd65c74f4237db60cca864d99b78df36516af760,unknown,ASSET ID NOT RECORDED
695239aa407b8636e98e2d3ce2b2d84af80a9057846340a988e789d0431b5c3b,unknown,T83
6965926bbd18aa28bcad8cef2d5c3a364ba9134ae242bc0303a4ced0c462f6fa,unknown,T209
69a23e6f27b555d358f88c883b57aaf3ad54f3e0e7e10dff4d28d7b084eca4da,unknown,F48
69d9b2f3ea937483c2a31a3d65c89662d9f900911a4007c4bf097abf20c76316,unknown,RC75
6a0c10a9f2147b8c93d647adeca3b248206f2ca73aa2225553fe916680634da8,unknown,MB48
6a71cb877dc3fa4bad41fa85eaaf4194e15aa05f4ca14bb2cb89a8ffbf324e2d,unknown,MPJ15
6aad01b9e859992f5243fb8785c0a14c3f7599848e86801c88e40af058116ca9,unknown,ALL12
6ae9120238802af88f837487195238c3c22b2096d94fc1493faa39a6286c241e,unknown,TDS237
6aef966440567cc5f69dc4dd2f26f400f8b4b0682f7905a7d747bdc47e5093e4,unknown,MB70
6b06d04a68314a1e02065929680da84264247862fb1c2befc6cbe533cd6028fd,unknown,TDS183
6b1f081562f470c17b99c09a5e79482e4598f4603a367206bef04692c1efde77,unknown,FL25
6b30dcf0eecf59f0b30fb56fa3de85b9861a32d1e90cdb81660a807d0d824c25,unknown,RA02
6b5376f55a106bedd1562b22053739c25148198abf2a7b86c066c287d409461d,unknown,D33
6b7c648e85c25fdeaf18f1f493296a5e06ca74cc6ab5cd531dba27a16278928e,unknown,TEX312
6b9d9865be04f0f5c7f07a9cceb83778c086cc7dcd0d3e253a95b2e386e3f69f,unknown,MPJ14
6bca5710e1da4bf8de9834dd9a5c167d082a05c43c9840a3086fdffd24ff36e8,unknown,RENTR24
6c5258635301f7ec2307d0815c69df9dd59f232978662a2edced3ed1b944a55a,unknown,RC94
6c529925867a9299901b66916726ad0e981201f2fa195b57f22540bc6b721da0,unknown,H19
6c557fc01f00558285c0b0bccd92e14df12d339b319ff2c8ab46994e46231565,unknown,RENTALFL01
6c5cd5032e9211488b89a4d8866169eddab280087872f1379118e815d5714de2,unknown,MB67
6e41929977d7dcfb4d76b8966baf66e00775b0f91214cf7fabe3a1fac3d615b0,unknown,RENTR09
6efa3d515ee21b76515cc7a8ed2e55ab9d05ecc46ec076b4d6527dd71e639298,unknown,T122
6fb172a51d46c8d696131128a9e45f89dfc8cdd081ff6a89931b9618d33919ae,unknown,T101
70729b5db0bbaf86baa01c1fc9f1b25c620b88f51d9f62a497082d7e8c8ce42f,unknown,TSD233
71311f17131a7cf617e7e3ddb31136e40ad6e1fdc4321e0f83ddbb64f8d2b4f7,unknown,ASSET ID NOT RECORDED
71b49c52c2029f8cf23003f99c3a56016596c49c6c2e44c7aaf289c61f144e47,unknown,CCASPARE
7231144970afb96593336b5309d5df9bceac7c83236fa821df15dbc2a33378e7,unknown,T203
725f19dd3018ede0462e7964424e52670545b1edf3e1b8f311c7986780f97d49,unknown,R53
727ebd4ea152611430ba044584f96345ab41483bb5e536c57278f88e49f0951f,unknown,T259
742d94250b9a023da5d5b408925eaf1db635d9e347f1b42a816ec298189062ae,unknown,F26
743cd93543e170dfb4ea690770ee79f97ea3b252f967c9c8efc002f7a22a28a8,unknown,D38 & DSA17 & 
74c158c61deafa3eafc62db95c1c0b338e0a08b45fbc484c5e5edb25ffae93db,unknown,R50
759f732e9f788cc09820028799cd7fce4060d5468043fd489ef78b899696a74f,unknown,ALL040
75d006f2da8ee18b2f1027a5e762d1252b8fa463284138cc2b176d5bbef87f86,unknown,LV28
76b268b91a54e7970b5f1b3bcaedd12dd82b71c0e53e07e9f1cf0c4c271226ac,unknown,LV42
773e3f0bf3f575a3b22c840575ba997e39cc8827e9cff614bbaacefae9309fa7,unknown,M09
773ee3cab58a23f15977d1cee4ff5024972349b530067eb8193c8a116b50a446,unknown,TDD170
778fec12eea6f22cece47a50c5240c360dee51f5942647cdd3d566dfdcab2228,unknown,RF48
77daa68949d85ee552541b0b3771cff34042bf4f8c49292c62aa2dc484a321fc,unknown,TEX160
784eb3dde043f3f81b65c5f724d9dacc8ccc6633367b580be1c694cbd8dcc805,unknown,D24
7881fed40058fa7a53f139927b11db851ecfa8cfae85600d7beac6b69a2fd18e,unknown,MB45
791a2bbd4c00435314b66a35da8bc362863355b4246c19d5770fac99996443ab,unknown,TDS176
798e48b573ae52354faf3595400a33e9837fb7f088a5517fd6e04f736de1215a,unknown,RIGIRENT1
79b10ad0014c11e1e41f0e8a0b4931b34a4a89e62d945ee4e0d531c920b19dbd,unknown,T116
7a51a552c9833996836cfadb535e032fef1cf1993668839eae533f2c8d242af2,unknown,H18
7aa66974d1409339dfdb8ffbd1768847ac72e7c0dd8f8601c22ee10bd728d59b,unknown,EPJ01
7b79f1d88805f90da1c7489453d3e592fd25d9b75e1b52e468391922a87bfa6a,unknown,WWLIQOUR
7b985e82e1f704fe5d9b91e5782c6b6634aeb3418c547c730563f20ef06971af,unknown,F53
7bef465d4d5297182b9e3bc3fb24d805c3f9419d38741574c2fed12704e3b3cc,unknown,T128
7c565042af4a88cba6464064044ec4147a0cdef30e09cc23a44f576338e1a4aa,unknown,MB23
7c627ff729671e90f2f51a673fc9aece9b572942131e345f3882a5835d689677,unknown,ASSET ID NOT RECORDED
7c760dc81649765362cc1b50ef5d7870137e265c44de007ffd6decf257d87f01,unknown,R60
7c82ebbd3d3a924247922d301268d16790e6dc939bee590e6d248d58d27cb6d4,unknown,MB22
7cd1885c6f1d062d2789a582f04d2ad734d1420773495987465cba7cbd759ee5,unknown,T62
7d305c7d8c2ed3bc44ae10827b8e6f490005eef8be9a8d4c8c21518f62a65763,unknown,TL252
7d592ed31cf18a07618228480dc4a4a2aa8f0b37246536bc50bdf7423d6e1dd9,unknown,ALL108
7d7178be2844d9120e1e48cd254dc6186439775360406857a684c6b8748e9beb,unknown,F36
7daacd6c447db0c9d233dac5d38d5c605e872b28273f25c7ef7ead01db4bbd9d,unknown,MB27
7dd55cd910f070fbbf30711593ec5161ca713c6902796a0135c69488162799dc,unknown,FL36
7dea3e27b026a208965bf0951aa3bbbb137bfed3a64b3c82d227c9d1bdc28f9e,unknown,TEX157
7e99d51179edcb43998c6191ec527461a446c7a68f9e5e6f84602942df728315,unknown,RIGIFRID4
7ebc8748759bb4575ebea69111b77616dd7fdd0c6b8f5c3d633507680f89cff7,unknown,R93
7ebef7a76804081d14d9bcbd8ea7016dd50baf2ea1ab14b03a1d78fa93c512e0,unknown,T75
8079dae0635a03eead79f27c5d774cc57935a233d1b27045cb6fcfa6d0a932c0,unknown,TDS234
80caaf1c23da839587682fad51a248f2982033bc06ad28a82425059a0dd5bd39,unknown,EPJ02
810e2a78f49253bb4978a1a31e8f4597842ab37dd9113c02e996022207a04af4,unknown,TEX311
8152e5a6e5e7e4e37fa88c769c3b00a9a7c79482e5549d48ca10620f5f1e478c,unknown,TEX159
817ba70d13072112dab6f0a3ad215450378ce58ed143096b7fd478e8e513f2bb,unknown,RW02
8229c112b1dbaa571cef176d86f4534b1c941798f8c4b16102dbbad30f2a509f,unknown,TPS302
82525dd0fcdf7a6e8d71564188a4c5780312c1472509a98346f7cceea760abc9,unknown,T74
825ac25880eacd000869ad1302db9581cd661fda6aefbdcefa61a574d11d367b,unknown,ALL107
827cb093395f4ff17449d2d72fb3d1869a9c5e7b860dab3e8208d453820ffd26,unknown,FL35
82f85ef5fb453a395d17152901a94f9fbfb3aa34df018b5d6efe3ab5b50882c1,unknown,F54
83441e8404436721f0da44f09eec4b2ec53586f067ceabcf655225ed11f45569,unknown,R59
84bcb9498f3e66f0f85ecd430d8a0563777470fb2d97947de56ca7d985a77829,unknown,FL29
8506a3bba7f4fedba34359b1d6afc4b4882ac3665caf7bbea2c3fa6f8adc79fb,unknown,TDD181
85843bbd8218b809fea2612dd1c97496a3f62dfdc94bb8fb48342d9431508638,unknown,RC88
858e154608d1aa7ec120828f68129abd6b0875c7d5c80356cd50c819c9ce4dea,unknown,MB68
859f3c5a49c979a103209fec3a4364ac4c31b0f087e9b7888c652b59e95c3c50,unknown,LV36
85e7c72c85a25ccd56deeef17244397ceff605faebcfbf5cdf638faeae6c7c52,unknown,FL21
86bc26dafc74b2570fde4674b34d3981459784f54bfc6012801c6d6ae3523df8,unknown,TS255
8772412e15365b65502e46dedec127772a4e100dcb3e81ea74ed6cc918d2753e,unknown,HEADOFFIC4
87d4b661417108c851eb2a9113d20954fbf7b1ee9247b265cb26b55c2e90ebfb,unknown,RC73
8831eb140d67a9f4d2f0d8a3d711e9f25cbd5a006c8a32a40bf3a69cf51cce2e,unknown,Rentco
884e2fd965585406fd3e2d2590b4f353baecd58174933fd066c26768da616d4d,unknown,TLA205
891ad8641fdabfde97f76d6ee501f5b78961ec8d16ea751c315d148a572b24c5,unknown,MB84
89c906c512e3433bf2837569e15aba00c1c3a452f356661fd2f418537db3c71a,unknown,T121
8a90a1aae00946c3a7991f47fc89ce1ea31fa5e007c7e151ccb67a4292dfa6e0,unknown,TDD177
8ac0482db3de8657aa5c71ac3e8aaa7ce828a733ba1e00c291aeabe9b1b6e2ca,unknown,XSPF01
8b4338ad5ed922a4af59173b41e4c3684a226c2a091203b9f92be81b7ddf06c9,unknown,MB87
8b532817060b0261f2af3f70709dcd0134e77b7698487949735b7be9db2eb0ea,unknown,T142
8b74868c7c6452f2a2c4a07ced9ab72d3a3cbef503c547d122c376e73d6c8f92,unknown,D35
8bb0928d79add0cc18a4a8f25a10a328d41ad5373cf1d96fae671657a71a7155,unknown,ALL07
8be31fc0b7c18da538f74269c4cba7d56a4c4873695e6c0c2c89299598c8a372,unknown,FL34
8be9e266d3dc1a086e3c81d1c806b2e9a2574429ea77c155db649f505bbd0300,unknown,RENTDOLLY9
8c5fb7a4ed72967c1c8b43e5d478fc0fbceef5bed4d6064edbe68027e49012a0,unknown,RENTDOLLY2
8c9ddfa6cd153af742f8e7de63266d764ed77ce1f0f2affdf5722d343114444f,unknown,T86
8cc858af27e9a5e83cdd618ed5dde97a6b4852c8088207c6d1f373543b5b0037,unknown,T28
8d6ff78263ea50898af51dbc092b00e74284869245f5fd3edeb6098781c0fb56,unknown,SL151
8d83df891364eb0f6c2c03bee768e85d69e55f48771a45d738a30b272c69e8e6,unknown,ASSET ID NOT RECORDED
8ddc397a226b41c44b66bc7c054352f8ad554e9ba8741fd8aef16485c6de1286,unknown,T224
8e8874ab76715ea4ec2b2d2d298a2254e8aa75b031e568d8de1e531f86b49fd9,unknown,ASSET ID NOT RECORDED
8ef2c42c4806f030fe75bd072f95def846d2f6924d3f2120a4d24032fd34c390,unknown,D22
8f721d819fb408c865ad43f8f2c3715314b61267eb8cd829f8b937454c7be5c8,unknown,EPJ26
8fa764a47492ce74db9798a544e84bddb2535c70a3cd7e509837d2a670a9bb60,unknown,A04
8ff6bc4528a72f5620f3b2132692eb9005fad2a5ccb046233724311e380157ac,unknown,T125
900e0084c54ae1643ffbe4ef9d531cadb056489e1ffa0ae2bf230322e8c2ac9e,unknown,TSE261
90c096e293283ee5653d7f2f9178837dd86b8a08b0e53650f039a91391ecc2c5,unknown,MC01
90c545e3d93b8f2f968e03a279a9dd878db12870a79644f941ca54ff93e9694e,unknown,RENTALTRL3
913ba571f7ee3f5548da08bc05106b02433ac9caa27214245a54d233be24a407,unknown,R24
915f265a5f69324880790b1944ce121d2f2961058c50acd491b957940e87f193,unknown,ALL113
916b2f40f2415ee0912a697e495521073690bed8dcde5eb8afa2574a6a39a8ec,unknown,RC80
919d4924d571bb9d72973472850257236bde03a59391a64c2ba201df6187ee96,unknown,MC05
91a020638999fb090206d6beb7ab02dd773ca10b04e40089c268b25da9ed0436,unknown,MB05
91b31092c34fbbeed168a60b55f1cbf866727157a9252330085005e46ba5eb4e,unknown,T09
91c64e0c525c95bab0b8e49d6c4f013f8634f74591cea0ad7078a315648e9bc7,unknown,MB37
92482f77b7059797216de0fab49241ec543deaa11025ce9beb576e1dc69b864f,unknown,T93
926ab595a1b028e2905b08a30348dedcc7d0a0bd98c92d069e141dbfddc1ca87,unknown,F39
92c2d6a11a9aad9e81b1cdd884e79914c437db5e52cab3380c4deae621b66374,unknown,MB54
9369d3bb3d98265b482c2995f42e4bd2f227ef899b09e28c57a05536c4f046f6,unknown,ASSET ID NOT RECORDED
941570a8df4cfd5ac37a63e6760119476cd861d41040eefaf3da6a3660bd4393,unknown,RENTR23
94a0a3b23e5cbf6b46c7f26cb7fd0c3d94ccef9430d79ca5725383fd919d99b5,unknown,D10
953dbd579ea9936ffb146c6417b2bd0dbb749db89e7cf4992516cefb6d61af00,unknown,D06
95b3c418d7d86e35b5ae6ffab12711bc1e44273da700498121c3a896eab9d25d,unknown,T119
95e7d680b1845108cee1a1c425c541e6abceb66263c95cc637254762c05fb8e1,unknown,MB20
960c720c5eea8b9435882ba7398b9d47fc9e29de9b4d47775e9d0fcb12ab1e9a,unknown,MAN14
963ee88e805bb6047dc16f26dcf9ee5de6516cee8f2dba2ecb57ed46f874103c,unknown,MB04
9681a947009a9b2ac5858183ef129e93602edc5f30960d98bd7ed33f3b44ba74,unknown,LV37
96bdbb27398fa0017cb38102f8993f35d3fbf98aafafe6b188943d9fe15ea18c,unknown,ALLD02
96cc82d270b043d2ac7434189ee358ef5f1db12ee781f7b85fda371a52773ed3,unknown,LV30
97041e129a682aff3bd250e793d465b03432fdf9fbedc2f581da8bdbaba00e90,unknown,T85
985996dab1c39fb53822b42d78750c0c682e31b31afdee734a202ec46ed95790,unknown,T23
98689d1c9880c8b7ed184b73de66388c4f257364d82d2b369364305c55a87d54,unknown,RENTR05
98bfa2101872b2c58737d6e36c176492776c3f6caa1ee2345edccb6b45d0cc17,unknown,WAREHOUSE
98eae5ca5467cc6eb29ed87eb012b2574232165bbc42faf610ed73e6afbef609,unknown,T35
99284339085a2ae8549dbfea9d3f62c2befe47683c33f87d9ea7e44692ee587e,unknown,TSP303
9937be4a8cb785e736e6366593f224b46908585a2b5d830deacfd9842cc28367,unknown,D05
9953f504e745185157983e99ae2e4912083388d0cc151e60550a5b7ba3940764,unknown,F42
9a297ba66efb7726594c16b7a59ecb2e82ef6e00b2af0bbd6aa989422f9bb171,unknown,Long Haul Dome
9a911b1c1695dd92b6fb244d7e570723841563eeaf25276b8ef9f0975098c1d0,unknown,MB59
9a9e932160238f0cfe273114d183b47f71bbdc92d77553eca31ac0131a5f907f,unknown,MB28
9ab33961688b228a6cc4cd637bd0c69ad7a2849791c2db4db57624f47f96efd7,unknown,MB91
9ae911fb9f06063476a3ad4061be9c5632789759ace2b2598a63ace8daba35cf,unknown,T76
9aee443c39f970a8fafe7e03fabdd458c04d088573582478aa197ed8214a64a9,unknown,R101
9b1d8b62e85b031d6c29dfee66e87872b9fc463e45996ce695a676caf89c569b,unknown,T227
9b982a62342c25f07df46c743bc0aa7fb3ec2f44a8b6b3de8b242af74ddde87d,unknown,R51
9bd67972dd546d29aaba7445c4d3f245b616dd90a21853a95e7dcdec3febde8d,unknown,D36
9bf9785ca49148ff4aafec38e16cbf41bf05b4e86af26662fd2799e90f4f4272,unknown,TSD182
9c183236669796acf87abe1ad49b097a9021d9085fe887b8990435c3e4a5ad0c,unknown,RF44
9c27d7313c2fa4ab14b91c0d8c4e62e9abe7d71d36c3c4da966abbe7a3972612,unknown,ASSET ID NOT RECORDED
9c2d2556468485b2b6debf2a2b08ae8c83732370761b4b03a63552c24abe5696,unknown,ASSET ID NOT RECORDED
9c38911f693f942cbba985c475ce5955b4fefd890211e1feda4cc6d5d57c035e,unknown,TSP310
9d24e084a1fb6fdd424edb7f735e54cddb20f01a8133e7363e4780f4ef3b4bbc,unknown,ALLD05
9d28a0b2a601d53eddcd10b433fd9716a172193e425cc964d263507be3be578e,unknown,RC89
9dc6134ca0577f0168973ff20da8517fbcc72d87756637a8f4e1ab116785c13f,unknown,T223
9dd8b197016431e6bf8c0880cbf03471331db337a28cff2d2cdf17ced001fe1a,unknown,ASSET ID NOT RECORDED
9ddd07b46852f97d37579b7cacb6032d476bc6d2cc08e3b58730c3fbc37b87b2,unknown,F50
9e04dda476d0526a008f68b91fcc2abe6fd77ea310dd5d45fb84336caffcf8b7,unknown,EPJ28
9e763bb77c6678fdd77b1d5f00bcd8cbd1072c4b8cb73229a21b60827d371553,unknown,TSD240
9ea4610eb42500bf1a0429b103dc1bf8b5df4eb4c6f3ea82ceee1968fab4ba26,unknown,TLA251
9f1c573f6c6cf8e208db57c1a087f89b3c31046f0867977944e5f3311dab87bc,unknown,T100
9f834a21b1ad91579de7bd893ddace748039ffd5f2ed55d24c7e3a40f6489a9e,unknown,D30
9f98af3145195d1a037e34abfad529716a0e9c549b0e8bd80c98ddffa25c56fa,unknown,T114
9fe2318e6e6bdb254172ddf893503dbd85f8a3e86a25a8de4f876d41932408e7,unknown,T123
a012e7a80d8b55f790225504a65f5437f50b50935b20e6b8d6fdc975eec344c1,unknown,SL274
a0f6c3c1b37dcb0b25330b85df386e1dd567b293043097c02827ddce5ac73523,unknown,MB72
a14f0bf2823dca484c7c9473bb0a1a5653084e1c8bc3508200dc2034a14e6ff5,unknown,F49
a1653ec643fcf2e04a0cbb439f002e92dd3ac1505104beee5c873c7fec7a1434,unknown,TS198
a1c0ff974765c2dcdf4cb7000bba4f9d792fdf7d314bff3a1c3f6e19ff4f3b38,unknown,ALL067
a1c2e133ff45c191aa50a1d93d5f66aed7241bdd37423273cef12dec2e4f6f3d,unknown,TDS185
a1f22a95ed3145cdc8e17d2262f88d8ce9dfa6cff706d1f624347ac40fe7712b,unknown,F30
a2288e92abc60dda83c87ee25905cc2fdcd469739cd7a7b2844fc77e9055db2a,unknown,MB96
a25ae1030ae69b9bde60b0888e17107e25a8e1270960618e7838a8a36f4fe295,unknown,MB06
a2ac6042819463320075046a29ae9206e442aadc91726b9e89f9b470fc616d91,unknown,MPJ16
a32ce4d2a4d29bcef5a990b1e0e0eb6bcb6c47c43215d126279fbe26de33b318,unknown,FL30
a3fe17af6403b654267c50ebbd8ee51f060915daa74df6d2c8a9c79448db9a6b,unknown,D08
a412531b4392aa343077baf571296280f1ce591630826d597581fe5cda097e05,unknown,LV38
a47586aebf23c28cf17f2dac2c0ea085c90c0acb82f2c793bb618c8e0788ce05,unknown,MAN09
a49881b1adbf0c3b7c452ff95d78803a5384e0b707ed7cdb6dd43712014d774d,unknown,ALL068
a4fa7fed3ecbca2f4e1d2fe4d8c2f99262f26ec33ffd3e8a0a5baed1d6bfeae0,unknown,R40
a5170f7208882bdd2cca279c7f91eb4034612b0e3136c7b26631505fc375a0e9,unknown,TSS192
a51f701e986a81b05bd529c2758dde0bc649dba6ec8ef6457f3b669fd3794e9a,unknown,ASSET ID NOT RECORDED
a58af638d57cd1a91f14a097826ce6df6229ad95f4d63759daed7cd95cda0131,unknown,MB50
a5c3ca6d44e9d68fbd2be40367b75b6039940279a8b81d6e3c71b6b666d63f04,unknown,TEX161
a62b4df286f7d196b608c1d729bac481268d7f089e85001fd80fca4c0ca4f800,unknown,MC04
a6489ae48c745fcde40e846aba3e4928fef047f023a3d3b95ccdc5b2832f4cb7,unknown,T215
a64d8a286113ce479ab7061565f065b8ec32aac4d7799416cd5ca0ca46d6909a,unknown,RENTR07
a669536dbdfd961eed8bb48373fa0ce65efec923519b7bcaf433dd66d082840a,unknown,LV35
a70b0eea46ed9b3ee18a42d91cc1b85b952f48f32f531b147794404184affb20,unknown,T173
a76d7bb39ea1db0749ec9167eb3ac94702277b9d32e4613b7f99621f5e36774a,unknown,T188
a8263dfcab87449d2fc07dc3d47409ce253610fcf9d24339bfe88066cd59fc74,unknown,R39
a88c6245e78a40773407fb8551523f7dc5eafd52eb16c506b4b584ba51cde7eb,unknown,MAN04
a8d426f4da9465360613cb16f75d195318339aca9253584d52cf1111b6afd75a,unknown,D20
a8dc5d86e3b7dc78fa8010f2e766735a5fbf4253542d0b60473591c91cf15e80,unknown,MB16
a8ff355a83b608ea5f49e1903ba1d03ac49b08e2362eb322135a1720c8229a4f,unknown,TLD266
a90ed7ec17adb1d30c80be568d94110fe1c0f3229c838640e69769e1b05e2f9c,unknown,AL1201
a9aec8e713b1a4f8d6609570d6822d25d67d8ec23e9fbfcc7d157c4166361646,unknown,MB92
aae45401840429d75d296b21753911ffe2a73b164305ea16bd24c9f088dc3a84,unknown,T129
aaf2fa9411d50420492b6ec2b737a7f707ea2adf51692f15c0cbf8c91e3c9200,unknown,MB63
ab23d11151bfb992d6fb3019ba3d6581bca245babc9279daca589a3401bd2d84,unknown,MB11
ab5deabf54b6fcf7cc62ef9a49860d56dbfc3b0f85dcaa1a718fe8860d6d1919,unknown,R102
ac5325578ad7b1c797245934f0897d93d70e01bf2e3b2b1ee2a3e0a6a59a0640,unknown,H16
adc2b30b6ee311aa860d14c2e173d36b3f7f71f3d2df70bccff47f858c87348f,unknown,ASSET ID NOT RECORDED
ae43d12302fce3cb278fe3304a56def1947f477fec23f4af4d5a20e03c01d491,unknown,TEX172
aeccee0de069cdddaaf1307f9559a2ee2da81fc3e3c52394b1efc8b101671a80,unknown,MB57
af28571b2238960b4e04f396344751b3225c505ec33b4972e7410a23ab5da214,unknown,RF56
af2aaea1f201403e5d1ac809ebcd26b912d47f331b93fbbc7980500b2022f193,unknown,TLD268
af5f6b8eec27fd442734446de313cbe1f60199f5541dfbb399d7fc3156e74954,unknown,RENTALFL
b04596615fd57fed8f595e13aa277d5e3b98e88a92ed6c0f281b43574bd2cec0,unknown,T138
b2852f4145732155b83dd706525f2f0a0f746e37dbd8f38d606d38aa4ae7754e,unknown,T08
b2ced1892442488207418c36bb1847931cbdfc001f1b15e7880f75450747591d,unknown,R66
b2d03039e65df94f738a75f97f51e3ead5ba8273cba580e2d4d567429e89589c,unknown,RENTR22
b2d03cad75a3bf6820de3e361632b8c3d425e45b4f4326d47a7dd9a6e1ab80c2,unknown,F51
b3a5d3907a6f8e85239a939e90d06c6e3debd75f913ae497e17c704024e7c779,unknown,T140
b3c4fe8e6348e17f2324a9c372e3d1ac829e0474ab85e9a977c12c3fa4bf727c,unknown,T50
b482f76168042ce0d0cb162c79e4a54052bac2f09e13af38f9a10cf883b9620d,unknown,F57
b4dfd518aa5dd2aba1e907b2a0fbcc78397feb07a91be9de610161ec581775f7,unknown,T213
b5500f111d5070162470d61bfe4a1a6971898677d709a413d9ada93d03303c94,unknown,MAN06
b560971730c0d007cc72df5fa67475e705ffb176bb5cc96b722f441aea6972d4,unknown,RC100
b58012faca862127965fbb6d02772394ff97db7f9513ecc17b766e0e46b45cb8,unknown,F46
b661caaa527375e905cc2b4725a72b73593cd434d4b9042f3e49011eaee981e2,unknown,MB18
b6d3c1dce4ac27fdca11196bea020a144112486eb0bef697b1c7cf2a4997abcd,unknown,RC86
b70fb5ae139316b20925f67c851d9f8a52d26b25f9d5c24655892cdddf104118,unknown,MB41
b710d588ed7628c7a13040662ffe08768b3e16ed0320604fec5764d991a7cd8e,unknown,RENTR06
b793c8297af44aa3041300eec8446ae4aa6375dade858f5a0327c57919981760,unknown,MAN16
b79e4ed850c3b8b27d6e799211f9e87e863b8bfe6edbc5500cd02694c5c101f5,unknown,FL31
b8061c85fa80aaa6cec9087a6db20ad3010321eaeeead74e7ffd515df0456c26,unknown,RC82
b80a76112beedc2ad0eea086841d081a98305b61fdce8fd51f1893887f061182,unknown,Rentco 
b8d4808382b556b976c043a2ed11af15d6fd64d57f75226462ff8b27d82b7baa,unknown,AL1202
b9212d964c439d20fc8b36c6127049d9e775277fa21cbe0a2585b478aaae6845,unknown,D04
b93565bc3ceaabe72d5e928165d4a4c1c53c9008c345262ea95d0ab31215bd22,unknown,F45
b93fa01ad2475ff4985b7be3b47c38128ada6b4d9810b8e5011ddc37bfc26a76,unknown,FL15
b9bb0d8ae7f0f59cdb23f12dda96f66bfc42b5666dfb84a751fada2a979e0c6e,unknown,ASSET ID NOT RECORDED
ba02986697bc5dc6268456f8b40463f32d65728233dc7e4974da79f80d917f6f,unknown,M07-06
ba4b612ef1fcd4e56f82e0064bff4c794fbb0218eb4ca38480200e5b0af171a9,unknown,MB02
babbb531ca15c58850a4688f3bdf3b7343f918b87321004ba3396ab69391ef98,unknown,H10
bae41cc576bd2cb1969f59155ec5558b2b7a1595b977022d2732604907333cce,unknown,MB07
bb279bd31c8bdbe865b97487d3216afeba4fefac5768495ac581eb7e8e080a74,unknown,DEMO02
bb2a203c12f30eba01e44dde9ca0da23b877d351192b2652f8c9c2725687fbaf,unknown,Semi trailer
bb44e3a7f19a121f235d1f90a2de7ffe672a56344dfa3a5e12e6681fd25748bd,unknown,T187
bb803d91e908e2875f544b24adef154ffc90f0b27e56e21710e526da72443028,unknown,TEX226
bbb4337e777a403f0d2d28a53b4c5bd9b8b7e0d4cdd2919adb1055ed3cb235ea,unknown,EPJ16
bc1d72bc569a68d1591a2b45253e77881e1bc03124ffa6efe587148c1f13d477,unknown,MB46
bcbd6fcb197404ad435b39ee280b403e8f1bbe74d8665b0128e6359140bb49e9,unknown,CEVASPARE
bcc6d779f0aa8228668f098cd80efb39a1c76e438f375686515b54f8c35a8ef9,unknown,TEX158
bd272f3830c61c038e0b61bd17b5209ffd3ff2e3fd18f9e702211506c584bd13,unknown,R41
bd9d83a4f5efb0c78d03d62c14885e716182e8dc55dcd1b5c57a5a82a582b9eb,unknown,EPJ24
bde4c33ac3fa353abbff4f894b91826a2339233312a3c6f97082f2bc7b211ba5,unknown,A01
be004dae33fb241276c25c04fb055f47cdfa38aa314354e7cb87106206900df2,unknown,RENTDOLLY10
be0263c74a9254970faf7c9203779f3fdbc6bb9295b46ae0e465297364879def,unknown,TDE199
be91da398e6a99bfaf950e1c7fffc4dac53da9bef06044b94bfe42c7b3569686,unknown,F43
bec1093361f14a2a124a888ad8d88383efb22fe294f82cc838c7d10a51fba764,unknown,RC76
bf1021ecb53405a9eba9c9a9b7edcabed4dc8af7d3c95264c6d1d2b4d4db530b,unknown,XADAMS02
bffc796d69204920010e3e51ae35d7b8778acf8e96062f3ddf5c3031346a6bff,unknown,MB25
c040d0e4cc34d84b4bbaa590cc69f9db388482472325a45e2d7b5d84edad8197,unknown,F44
c0552acd1c6bdcac414f3ef82d76c0309209dd584dd2b33b2898fdf439efe43b,unknown,RENTAL3
c06b77c2ee4e5e8125551c594d59d0ff138ab61bbf9a03e1852c2b79a42bf36b,unknown,ALLD03
c07041241bcccf12414808a1485cfa4420282c24b1d267e45efea5bdcf03f2bb,unknown,MB36
c12ec23bc0fe2fb68bbe51668cf8ee5fb80503d498710aea2fbb94bd0c175a4d,unknown,LV34
c19fcd68e520f25e8237bbc97cc8b3367d368078518a8306494826bc530b92ce,unknown,RENTDOLLY3
c1ad1a1225bf5e5c86a84e5e1905435515b37f68d8c302ec2b13348ee57af4c0,unknown,RENTR02
c1d9be7abf622edbcaec42742b398017501ea6b493ad714bc075482fec53ccdd,unknown,XADAMS05
c23d7925c0d06a19a6f20ee8acd863aae39d678f5892f380dc1ebc006282fe88,unknown,EPJ19
c2824737243c643560af18a2e038fd123823c86db055d66608ba0720b7baad79,unknown,MC03
c2959ef720af776381ac67a28cc45beb6e590d1769034ceda737374759620561,unknown,RENTR18
c32ee49ffad43cae856090a0956bc8c2d8633912db0441b7b5454d151b834223,unknown,RENTALTRL
c37e7c3817372f91fbec25806e779d13d5ed6dc679a4b76a1b8554a07463aeec,unknown,XADAMS06
c394c873fc261f88fad0b3cf9b9c48fc9ae1becb27f0684b1d7cbd4ab1ecd429,unknown,MAN02
c399858b3c903d7fb078adff6e11cac7bbf7d6f203b94709905a4fe6a1b243b8,unknown,MAN12
c3f485e02938de9d88be314856f0731ca1c79e54666a40accd230a822d1deadc,unknown,FL32
c43e2cb9313cacc0d03d711d5120b22a7780d4291fecd1bc3ce12474892b7118,unknown,LV15
c4bf11597ea40a0071c1366fe8cd22f4edea36a7052ef89b5efe29448965fa60,unknown,MB31
c4c6ace302a5ebb0b8cc60d7ffcfed6461d0a935c7e2e8d8c951b5c8a8c32592,unknown,TSP309
c5299e1136a602416b8c3b6ef392a04bdb960c9278894ba1b16f7ecd9e98802e,unknown,T43
c53c6d214f98a514fbae5429f3baa5e4f06b09a30673ecddf776344ba775a614,unknown,LV41
c548f2bbf3096b03862bd72e6bb9fd88609ba7a727a0099430a43b0e113962f3,unknown,D07
c5ba40abdf269ee7e3577bbdecbf1060f7435996015276977702aee2b45496ca,unknown,RC70
c5c1ea6caaf754adab472d4791c1a58721018da982e23bfeeff037131bd9de40,unknown,XCRO06
c5e60966cabc93b1430789a13ebd539d3fc7dc7b002fcc45dc7f0ccdfb4a6947,unknown,DEMO03
c5fc9c7a5e64bb10d8837c0bc06d2cf0937c8962cd2f6f108a4bafcef7a882d6,unknown,R62
c60af84c80d2f6194b23e5ad37cf88391572c64d9ab176c8220a8b5687e3e803,unknown,MAN01
c61fb772d205fece0f61965962d60e30a1dc1ac05b6500ed63a2c6a0ea5ddf7e,unknown,RENTDOLLY5
c65ed183053c57598f3537bd1d9db1bda9b73102bd9a925234bbcb449129aba4,unknown,EWP2
c67970b04c228cc81bda9835967bf5c57458cb862ddd1f9381330db06d37cd8e,unknown,TL272
c67a1b11670c3c68194de0ba9db1e80ee79e549312a1fbb2ba8d674d7d2d0865,unknown,XCOC01
c6eae9e435282e84d5fe3b419d5921c6788eb8bbe59e0d84c60e4bfaeea4bafc,unknown,RENTAL2
c85e1933169c721ed8fbbbd61701146e908e4d4c0066d1e21ddc07ce4df8c7be,unknown,EPJ17
c8654892d5ed5fdd5daa4eab41e5279d79a45bb61ae47767db3a4e9ef7cdab19,unknown,MB73
c86e7f426569b5785ecf858a1a791b788ce0f61c639ca05aad9f86733aa956b5,unknown,T68
c87732d255addbc16cc9ccb75d1a9bd5f1a212aed8e47d39bbe8d526f888734c,unknown,ASSET ID NOT RECORDED
c915cf8551aae587b45eb1bd57f6e63698e2b6f6df3806d3678b688404f4fb74,unknown,RENTR14
c917906f40c368a745706d3d9ca8e64ed8d5a46896064529fb418add3ee59d3e,unknown,T24
c97834b3b4d5671459b4f576615d276d6e0cd7eb9b651b570b8d789c3c1ad184,unknown,MB49
c98dbfb865b2c28a07abf5ec4624a498b9d810828dd33755cdb861f412c0fb3c,unknown,T64
c99c6119f1e52b836cfe8f0bb2c6043ef4f9dee0ac9991269174e11fde21b96c,unknown,F41
c9e300aaf0479a47b7d17467f323cc684fc81beed14e89403e36d7ac24a573aa,unknown,T216
ca60c563648dcb2abeabd12d7fc580c4e51333416ca2423d861bf73c7a23d8ab,unknown,ASSET ID NOT RECORDED
cac6887bc869a5d6641e08908607130446196ffa069fa3efc257715c0a5b46e8,unknown,MB38
cb20d2f84a10120df3f524202533913f449ffe5e1a12331a77441e98d9f2d2b3,unknown,TSP302
cb28b79019a0fc553459f318512ba0418b422cbc497599ea8790702fbec6a9f4,unknown,T136
cb36fd1501140bad10169a4f223097ef13fb56cb3449c722d737a4c5fd441c49,unknown,FL6
cb4629fc0dea88270bf1317ea60e4fec9ef7d3abd0ce675d7bb01a75f8700aa9,unknown,TSP307
cbc5dd644ccac5bb2f3ddeb5adcdd53f7c28a6f66ea3918369ba488800d2b7b2,unknown,T34
cbe23596e31a07472958a296c8594ed46dd0982195528adbe7cdbb53215965b9,unknown,RE03
cbe2d4c0f8f5a48627d26ad1fc9da6b4619caebb7a22e12b9d20b31d90dbeb2a,unknown,T31
cc1a0a8cfb76535cc0d883499ac19f9aac675477652087ac0ceebd6b6f4cdf66,unknown,T57
cc27c40ff4e97817a44847d47b0a89dcdacab98c2574fb1153ad53a25597b1c0,unknown,MB19
cc50c83b91f2282b27f9407cbdcc3821682284e2d8e40bf2cb0cc29eae0f93ed,unknown,D11
cca76f78c3def6ad01c8dd37632309e2edaed6dd5978a2cccbf4a042ff80a47b,unknown,MB39
cd63e0aa938bc018cbe05ea10d5777d878bfe1cbbdb7a69f0cb28229b38fc11a,unknown,T153
ce5fcb01e43539a5b0e9807152126d0efccc57d6f6a4c4b7909e58e14105caf8,unknown,TSS194
ce71c3cb113fdda5278127c8087ded963be7bcc3b18096927f536e3849423833,unknown,TS258
ce94f7a8d2be98a7c590f2d4b96a28bc3b8e3379745c8664f5c8624c3a97dc64,unknown,T99
cec0ab66640a9c7231b03a4d2ecd58093a6352f2e7d4cd443428cb94c70e1b51,unknown,RENTR20
ced09eeb42e1c35bd270fb0fba3fc77765f375dc50c506f562ceeb156d1a9de2,unknown,R79
cf2f2ebd4f2ebae65924314b0d73783485bcd107fa7417efbda1643f0b5809cf,unknown,HEADOFFICE
cf3541fd50b87b8b232c47762ed559dc4522e2b8b16fc6db674d9338ecf50432,unknown,BT1
cfaeb67580603ca833f1fcb7ceef0cd196ea2b18da71d477e9da20b07f0bf769,unknown,DEMO01
d06ffa51b01d10b55b20b92c69c74b6e24a4de283d91cac136bfff4520a1047a,unknown,RENTR21
d12d9751e672c4d7b63ff6788dc8e0b1f81dfa1511ee65f373d152fe6efbf749,unknown,TSP305
d20b3d893edeae5fcb040648fc7ac946585f83eda8f78cc0b278480c5936667a,unknown,ALCONTRACT
d233b82b7eb6768e8e5bb84f3b4d8d9d2a58a851c6a55cc408d98077ea0c503e,unknown,TSP301
d2402df94d86bd06aa66c89044ec9a06e79b8be39ab31aea120c66fc6ddb4e97,unknown,EPJ07
d26648b651288daee646b7bfcc422f6aa11e42d97757c8160634b357b88c0d92,unknown,A03
d27ebf2bf3d3b6c48e6e607e5bfb2afb14cde7c1811107c7d2d487f761cf3b51,unknown,MB94
d2b860a5efb640b758e07e6f13d5110264ac6886926be295d6dd62932a33263b,unknown,F40
d34162d7b5dbaae2aa53953058a09533611b24045cce66a57792a82df29b9396,unknown,EPJ36
d363893ac077dd250cba2c14500617161db2ddfa63a87810ea30243d429a1759,unknown,T190
d3ada6dfefa01de563646313a2dc31174de2bfa7d947d05dd600c50e621ee03c,unknown,T130
d41199cd2163ec205f4075132ded618e00d6bef8acd8b26494838b2a7c3942dd,unknown,T71
d412db8f7a63db26e9975edcd0208dfefbb66c6dec5d5581ba7da09cb12a4143,unknown,Dolly 
d456246d403438a76068c353ac383f8112515f4b6249e2ec5b22789b07d73360,unknown,EPJ18
d4b6807f90b17933f937e44e1c84a36834d6b940d34debd50cbc33f7f8e23e4c,unknown,RENTR26
d4ef2c028ffab65292b5ca6e54738a509b25ff795712fdd2564b11830077c839,unknown,MB51
d55cad0e7db369927e31fb0782c85a91dce9b95c8a95910d133d8fec69868930,unknown,RENTR17
d5db1ae5740b64013a132a3107ab8a9d56d182a18fc80cd019e4ddc317885a6c,unknown,T17
d63b4cc232541e625dc8f6d541db42f269823d57b8e1f00f9aed55d530e82d53,unknown,T55
d79d40678f883af006698a5ac7410d00bd588c4db3fc7531d8f44aed6507ae9a,unknown,MB85
d802216903acebbf27c2be68864e215bf55b397543f1646dcb20e0d145cd07dd,unknown,T211
d85f18b60e4f97ea28addbef4c12e54b1fefc5c5d36ca80f3ef7e2abef841ee8,unknown,T16
d889a2ebbea21e1d0b3b54ff695d6a3aa409125b2e53bd5b05fdcad4ee4ba808,unknown,BLUESPARE
d8da059fddd2eafa414b4da569cf575fe6ca1ab0c7b02239fe10d68c98291207,unknown,R68
d94a26792b2f8154ddfef2cb20ba8cf500fb4fc4ff3d9c2919199638825cc4cc,unknown,MC02
d961f329faaef092f103f04c2fd492b5f7a5855c2469d8bbc541fa8dea9a787b,unknown,RC71
d9a405be23d4b1096eaea9154a382a756890b86a67cf41f89a3e8eb3916b9a78,unknown,EPJ08
d9bf48af66275232d164644826371f7b6676ed85f6e1ba6b17bf0bc26f4b9ef7,unknown,MB47
d9f3fbcae903d73091bbe24bcd7b7dd460ec02e8edf39f73ae5335e5959f02c1,unknown,RENTR11
da7440e99545fa66eb08971639d8df4f3f985f8f363ba253bcf91e59ad7b8125,unknown,MB79
daf88baec11914228363ea3e81daffd31bca623cb0f027585ed3572073618728,unknown,T260
dafeedbf48358af61f6e12657e143def5ae2d95633885d84a95a8c59edff69b0,unknown,T131
daff915a07370db83f8a0f09a3cdfff7ba65c44df3784d561a4f36711f329a0f,unknown,RENTR01
db569bd3cc97d7d9782fe92677ba00aba7e962156cb7f6789233716bcb5618c1,unknown,RENTR15
dc0c5bd6f9027d11dede0532abbc338b062ea233998f19f5e4bfa44f7eeed1f4,unknown,R103
dc38f3e01f13ac13a7560f4d0f9b5cc6bd73b91fe2a7f2200bd5e195486270bd,unknown,ALL069
dc4c88afa009ef0c515f95398fdd16a175f1bf41fc8b49aefa3eea8ff06d0fd5,unknown,T189
dc679729dfff0560b1e35c19abe41ca732a0c49d558768f1581d3c81e65ca7a7,unknown,XCRO11
dcb2466343673bcea4a49052811c4e4e8b25dfef951520082d24ffbfa0824fa0,unknown,RENTDOLLY6
dd6730b17389f699955e9d9b4ed80aed6a9b953c5955db7675a4fefa618dce83,unknown,TP253
dd86908c18c07ede9d386dc94feec8bdca74f63e2fe272b5155a504c828c1d5d,unknown,XCRO04
dd8cb0d3db8d29c2373227d23221541c10fbc3cf9e0981e518f459024ef0305b,unknown,MAN07
ddd6b897e92b08790f6ff9a6d0b72256310b6e8044ab22dd38a7bef4acd01bb4,unknown,MAN10
de23ad20be42126fd50821421f302fde725b01b901e13884d549c1291edd392e,unknown,TSD241
de6fd74b5e4036cfca31d28cebde960555c3981327e5a86ce87ec0603385dba9,unknown,T228
de7e2b91853c9bbf3e6b52865c00f6d5ce127d60f3d27cd25b8759822bb087cd,unknown,T106
dfbd8e1f9ac210102febefe84ffb43c7676f15e0105d59fd06984ee9bca413f5,unknown,EPJ21
e03cd60e83396605f9fba222d8236bd214d63d8a3d876bca1f34235c0e8fcd33,unknown,XMCT01
e06d4f26e2c52c54d10c2d9574a3639507a0f3f558c84af7a5d34eac8b0c8856,unknown,RC77
e098e90dfecd176f1afe17d5de006bc09d419dbec3faf89064f7d4fc11e88d93,unknown,EPJ04
e09ec26780e592aa8a264311886938c120424a4cf1341cd29145a96c648199b9,unknown,TL243
e17d7ddcaf49f45799505bd7a3f9f11bb6e1131ea05f17e9b01768e246126d0c,unknown,EPJ09
e1c2ee9e42808b1dc1a69b71becf7ec7fbb3422eb88e99c745510fb97932c508,unknown,TLD249
e241360f79fc4b154e86c03f0d21f3d870564780bdb84bbfd37d72a16f9c96f5,unknown,TDD171
e2b12f49fef0afab893f47412f5c005548669f182c4e5c7dd006ea8794f6bdce,unknown,TLA248
e3c0ba510fddc0123a7b19d9947e0761dbe1ae3bddcfe085a620b2f7a9908658,unknown,T238
e3da023d4477003e97a9ed280672ce37d2a9181a762b09271c25ebb66c29c1e5,unknown,TSE277
e438d124c708d346f1a59a84b52d11b41e7d88020f4c17154f690b48a36940db,unknown,TDD168
e4436553f58824816540f3870aa6762d1f0b6685ce0f4af8dff927310000f4f6,unknown,T87
e486ea81b503117ee195bdeb30417ab1884036f1b7314285f6a8ad1b2328c2b4,unknown,D34
e49c9111866bdc0e10cf2817c29d1cfa0e7ed618e6bbf7eed9596b322cc2467a,unknown,H20
e4a36150a9a8b7449b2dd7b7ddd1843485e734c2890da59da34cc7ff044fbcb2,unknown,RIGIRENT2
e4b410306842076d175c1381b1e2d358bc12de710cd4201129b03423911688b6,unknown,XCRO02
e4f70a78bf92755ddea431a93db3ec17a40c2895c799ea3d9a2688f0e1bdcc54,unknown,R52
e51667487442aa3145f74e5a85b9f809d2ac0190d58409eb54dc084913ec0c44,unknown,RF43
e561bf1f36de635a0ce2e501332aaf68283f137292282392564649fd49389b6d,unknown,RC90
e57c236f68ac011cd29d2645b1e7beeece6ba01d9064f4dc1f14899c00a6775d,unknown,TL218
e5878f392dad57e9cfb7463a3154309658547e145384ec938825f36ede69518c,unknown,ASSET ID NOT RECORDED
e5a72119040973091f92fdc0c7ab8d577e92a3c06acd5a9e8f6ce7921674bc6a,unknown,RC74
e63df40767c86f6c688652ed2e276e21c85b3761a43380cb68e0bb1974314086,unknown,R58
e6461a784ca5d5f2e614b669e75e3554228645df6851106a8758bcf7fbe62869,unknown,T212
e6fba25b76498a146c875c6554da3f2c2d6c92d5a3210cff5d90990edcfb7654,unknown,T72
e6fd5bc92174d3acb8c0b7209d122049cbdb4c88eacbe98502b1607f1cf94df5,unknown,T222
e73526ede74e0110a5a24e72fdaf7214b957792637d557966900d0a277bd68bd,unknown,TL273
e7bbaaa76e911a592fc3c046bab653c6cdfe002b8a828676beee59bbc566eafd,unknown,R42
e7e36ea56c2b14f717c53ea2ec47b341be27a7ab5535bfa272304635f08562ab,unknown,TA163
e800c3dcb8f9577f921d23c5ca08001c2ed99d01bf4470af079a82fa9c6b308b,unknown,T04
e849c2272062fbbc4271c6e3e2eaa08fb6de4d83de65fea12564f83d0981afd5,unknown,RA01
e86d218735c5568e112af5dd4ff638d0039b4d16f30d8a1fd4300b8ddb4d5cc2,unknown,EPJ25
e86ef7e971b04fbdf8fd84af92ebb2f7b5bbcb0cd9c1490bba87614657237729,unknown,MB61
e931ba07fad1d8aeb0cca0a78e2447fa2dc0d5dae328c4fa52eac792d15e51fb,unknown,TLA245
e97fe7b5816c423592bc0755db795a861e9726e4ce510b1f11acd166bfe5a892,unknown,RIGIREN5
e9b07771b2b7572842a14ccdee70ef3736689e9f51b799a3517353e5491ed74d,unknown,TS254
e9ddedd7a7246e97c7e9253e786a1545aa46ea06f0210745954bb7b6ee1a49e1,unknown,TL202
ea328ac654edd50b0887aa49821dbb91184f7d8b606d6ccac54dec333ab2c7c3,unknown,F31
ea81d03834086d8d189f00c8c9f8f618b11af5d34cf5edc4cc65eb9c20a83a73,unknown,F55
eb19a622b18e382ee6f0b9e4866a628904e27b39d85b9f619be6d83b52a9f1e2,unknown,T03
ebdace74bb46b981dfb0159e24be9dda8c5e085681c3535b3cb7dc18f97914e5,unknown,EPJ14
ecc3355e426823accbcb4b0ea78241d544d07666c72295f122dcd8be465c2fba,unknown,TL219
edac2863317d4cf0222196bf0f80377fac700a7bac1251205ae9ac5fdb2f28f6,unknown,EPJ06
edd33d6ee5fa1bd1feeb2b8a8489d09ac45394ae32fc6fb986164ed5dac896b3,unknown,RC30
edfb7f9e7d1b64b8fb3b08f28d3b09f0ae2d8f19380ac931e732a282beebc622,unknown,HEADOFFICE2
edfd4e914815ae728005faa07f31fe14f60b3cf1663155e37331ba35e897b308,unknown,MB76
ee47514f7fd998c0617aa91bc22d7f7129b475c121c43e8c3ac5666779eb0e8a,unknown,RIGIFRID3
eec8e79e720fa50c98044501872c6a0c022a7f93a8bb89118b8666c16d2a0428,unknown,T51
ef307ce88f5e068e30dd5dcd69777a4e45256a7ef3a69cc6fd08b5017c785c59,unknown,MB09
ef959e93cc9d2366c6ecb6cd90391447d93480a6444445428902b27e80aaf3d4,unknown,MB94
ef9b5ee7fabb6baae71888bc43d7c2a06222f120d02ab7dc5534fadcc52d5c0d,unknown,MC06
efb33082120bf9fbe577262f1c276e60b19cd23ad7a4aee1901f16bcffa12675,unknown,EPJ32
efd1a3cbf26c46aa7e74ed0499b2a7b8c591bc445bd5a6dd990508514ad2a43a,unknown,ASSET ID NOT RECORDED
efe9634c7e3b1e2aadb2acc849be068dfc4089aaeaf1c4b74eaef9cafa374b0a,unknown,RENTAL1
f0825a8835a13753abfdea67b380fc2355f3857d61f9e9304f1b61081edb3d99,unknown,ALL105
f104787460d4f73d81473bc6867b2e31731ce19c6af500921267c0f8c47db5b6,unknown,RC92
f15bb10409a8df05376858d46afcca91219e78b2f1da1b7c0909cfdf7f23e7db,unknown,D37
f1c83ea7803f2be3df8dd0ce48b984f0ff52448bac320408179033e045087822,unknown,RENTR10
f1e8daf9db2a7792b5c8ff7002c8a1a85e3dc0f26562a1ed0c599b99e2a1c919,unknown,MB35
f267d1f282ccd45e33566e8fddde10aaa41fd00eb8bc19552012e53bda30e86f,unknown,MB52
f278186041ebcaa13496905eaba8b6f62a81ff06e4828d5ff3c6eea9899964da,unknown,FLO
f2b8ec83c9c45c83d6893da27cc95d4a08bde711dfbe55b0d5a44cc3d93e74bc,unknown,MB56
f35e6bd15bf15c2b2d041e637fb201c36cb3bfb15c7d6fd866439d1732c63e80,unknown,RENTR13
f3aa4b6b339c687e122c4526b254451b8c5dd37b736d808da8483ac8d17a91b5,unknown,ALL02
f3e69878974f5b1638fdfae3a1bac15d17394595dcf8f2ae1b0b6cfe9e13643a,unknown,D09
f460c5fbc88a8ecfe56776f9c71539f2aba0f41b88911d245d6797ae5f7b0d2f,unknown,TPW191
f471533d832732ea83f9d1b1ba7285fc27873ada507c48e975b2fc4cbbbde7ac,unknown,RENTR08
f4cf69f7a42a03fabb201a6586302723d76f1c3da190d3725975f9499238acbf,unknown,TDE239
f4d0aa3382636dd3d4227ec174048c2d83de0574d30a3f081d076392a90ffc19,unknown,MB93
f4d8b1ee048d525fbb0c9bef1492fe058e24be5a7cd4fa4a2807badb1a9d718a,unknown,XCRO07
f5fffdd30cc8e01c62017e9bb354141ff6113dd7c911eab3a540e2210f569e2c,unknown,T79
f6944a025ff869140ee5c907c7a6abf1e6c6c65f264e50e4b5eada34caa9a3b2,unknown,TDS180
f6be03a2eadc61a81539dc9d5861b7eb05f958c32f680c08b8790176f2b40c77,unknown,M06
f7205752bc1be467078ceec37888f1935f3603f410a43595fbf4962df1849296,unknown,RENTR04
f8be5495087fca3ed5eb4a1ba5df7b6c1b331397236846bde737ee2619587fdb,unknown,ALL16
f8db6a03a30e0e3b45275857e622356b9f4e3f338ae0e563f129414548178722,unknown,RIGIFRID1
f930f17a9b8d813ecb0170ef8d5fe3c4c4e51de8486ee76d065a3a5668cea13b,unknown,F59
f935a9f8d2241a4ee9183842948143d3e3213477fbaeaeaa73d3ae62101a7c87,unknown,TSD186
f99ee35eacc69079fc12ac9769ab013306ccdc99be82f50e33be00486d398947,unknown,RIGIREN1
f9d22bd76db8cf47f1b2c0a484778ac0387143416dc1f15f80c77cce13e4be63,unknown,T96
fa1de235c4accfc47378f6d2832879ad5a87b0592349e7bddf81deff842969bd,unknown,D32
fa2eaa0a64ccfde6a8aada80d745feb46228909ab36bd09dc8baacd462a81658,unknown,T175
fa65b45da3c6f5e566ffc02da1ed1b0cb6309ca9a79c853cd018bdb7401b7b04,unknown,EPJ03
fa95f7f967ecb0056d4647644797c2218d835a19ab77d939213e7248cb3ce85c,unknown,ASSET ID NOT RECORDED
faeaa926a0430c8d04d59e6073e209ae659eeb4238dc2213b04585e103f08368,unknown,AL1203
faeb2d015f62db58591909f194c6864d19be5e49ba19a2e9d8091ff60c93619b,unknown,RENTAL4
fb0ee68c72d4c1e4e424cabcf0c545a3dc2e32736d96323e4be8c443fe30deef,unknown,ASSET ID NOT RECORDED
fb938240544b9a291cea7ad555461e5d69d47764c428b3d71931fee9bdec9ec6,unknown,T208
fb9ba0fe5d34e84be2629fc00b1daa7b41b07af04164750326ca52f02514dd3c,unknown,ALL106
fc0b4e04f77643ae06a58158d129c63df2dc8abb198093ec95c0de38819fd04d,unknown,T65
fce32ecade496986ce7c3c7b3091032fbe77710a5d4caf2d6cdfadeeb25b4404,unknown,R23
fd58b50177f07bc248e5756799e8c93212fc998de56aab31a468df83848d6d8d,unknown,T210
fdda390b96a48295ad06a0ddbd65032afc5b8023516b721c01a38a2c1aef56df,unknown,MB12
fe0b5fd4e65a6404260e1ec4a58d3055609fc46f61adbac0b4a2edb05e7fcb4d,unknown,T22
fe0db4924ebec71aa06f8222ec5f6274de09fc53597d6a9f2bbe95a7ccddbe0d,unknown,T147
fe0e1d88d1b0c1c858c5382aecb13a5cd7d3f1741b78b88fee0a76802ee91342,unknown,R26
fe84f6acd973011b82a25b9fb7c78758887449010f4c85a7d2e0ad4b9209549d,unknown,D03
feb138d3dbd2ad60dafe4b26d65d7f86eedf7f8f7e1d603fdaac5ab6f41ae2a7,unknown,TDD231
fee2e32eaf5364fe5889ba9cda5367fc4a1befa6e44536c2194cc2f71c53f2ee,unknown,RENTR16
ff0a7343364863a2e7560e0ca13618d3ba8d98aed348e685706880aa6c0a3955,unknown,TPW244
ff2a123cfa9e4fd670e51224ce55d4b956a3c8eaa41ed46436852183a6fd0207,unknown,DEMO05
ff5a6e8f9ad36258e3c7002467c2e83be2f9a48053b51f1688675782e1d163fd,unknown,ASSET ID NOT RECORDED
ff99ffa858989f64b6c8bc781f7dfa32f72494d36b370b0fcefb08973e6402a1,unknown,RIGIRENT3